,place,1(Быстрая черепашка),2(Вопрос о фигуре),3(Послание ),4(Построй дом!),5(Звездочный квадрат),Score,Penalty,department,hash
0,1,+,+,+,+,+,5,21,Не из МГУ,b6a720e40da936c330e1f53680b279381d1c5742
1,2,+,+,+,+,+,5,31,Физический факультет,57bd006a9261c889d76cba7537a3b61671cbcc6a
2,3,+,+,+,+,+,5,35,Механико-математический факультет,0b7a6e627adeb9d50c5ecb7b5a17ea452ec87659
3,4,+,+,+,+,+,5,55,Факультет вычислительной математики и кибернетики,c22dc82f7e88a8973a18180d85d5a3b0cf641b75
4,5,+,+,+,+,+,5,64,Механико-математический факультет,1ac42c1757e5790d220299fbe51540beda8b1d8a
5,6,+,+,+,+1,+1,5,71,Не из МГУ,c3cbfcb84529fad49cd0c2abe6e30d822c76d172
6,7,+,+,+,+,+,5,81,Химический факультет,1f2b3a7e8c61cdc6ce33300d9d2db530efac8992
7,8,+,+,+,+,+,5,83,Экономический факультет,c87202ecf91644df8d11189b68c6bff09022c66e
8,9,+,+,+,+,+,5,85,Физический факультет,bf645ad9dc7bbd259b7c6cae6e156c983e543dcf
9,10,+,+1,+,+,+,5,112,Экономический факультет,8dff6615f29afc2a464d8e490d43c52cdbba5af0
10,11-12,+,+,+,+,+,5,114,Высшая школа современных социальных наук,b0f09fe81cfce26e2d05a97fa64333cc63cb5343
11,11-12,+,+2,+,+1,+,5,114,Факультет вычислительной математики и кибернетики,14ea89466b7d8549a0bc7deb43657c2d06388ea7
12,13,+,+,+2,+,+,5,116,Не из МГУ,720880696a6b98723894dffa99b4337ebeb1fd73
13,14,+,+,+,+,+,5,118,Механико-математический факультет,2755dc7a7d02df5dd0b90f40b0f8657318e9cca4
14,15,+1,+,+2,+,+,5,122,Не из МГУ,10b0e4636b47584c2415dcb56b42bec1992d5c0d
15,16,+2,+,+,+1,+,5,126,Факультет космических исследований,3b471fa7b90435e7d1d8c477c9b61f92695cbd91
16,17,+,+,+,+,+,5,129,Геологический факультет,c5bc74b449c8c568e46542328bd2841ef477dab6
17,18,+,+1,+,+3,+,5,134,Механико-математический факультет,4227dca8e779378835d4a6ec61054c6a4c32ebe6
18,19,+1,+,+,+,+2,5,135,Экономический факультет,ad272d805f7a21c1fb03867d6210f6920003323d
19,20,+,+1,+1,+3,+,5,150,Экономический факультет,399fe6be8efaa535678584633762c3d40db104fd
20,21,+,+1,+,+,+,5,155,Факультет вычислительной математики и кибернетики,03ab23b3d584202006837377c1c42d910df72c0f
21,22,+3,+,+,+,+,5,162,Факультет космических исследований,af52a8e8cb064d1595c157d4a452eac94addce9a
22,23,+1,+,+,+1,+2,5,166,Факультет фундаментальной медицины,71e6fb88e703ee5afbd446a02782cd04bb73331d
23,24,+1,+1,+,+,+,5,208,Факультет вычислительной математики и кибернетики,b179466efb90cfb2d3a6be1bc9dda6e311dc3966
24,25,+1,+1,+,+1,+,5,219,Геологический факультет,5dcb26505621729e25f53add3ba340b92fe8a170
25,26,+,+,+,+,+2,5,221,Механико-математический факультет,67339cbb86087b9bc592e582c2bf14370aabfcc3
26,27,+1,+1,+,+,+,5,225,Факультет вычислительной математики и кибернетики,ba419f52c6d3b68d07fcbb8686101277b4bd24ea
27,28,+,+,+,+,+1,5,258,Не из МГУ,73fd9c8a843cd7be34e10c84ec928cc6d428d429
28,29,+1,+1,+1,+,+,5,270,Экономический факультет,1ca0b900f14ccff9329e4a7c0a284b793dd3c44d
29,30,+2,+,+,+,+,5,284,Механико-математический факультет,d277d7a44deedb8c9ae744452d559c3fef1e163f
30,31,+,+,+,+,+,5,331,Факультет вычислительной математики и кибернетики,592999b6f815c6d20a04870c254f31eea5256ff8
31,32,+,+,+1,+1,+,5,357,Экономический факультет,f19c55c49012990fe9bba50f2b457430b40e1968
32,33,+1,+1,+,+1,+,5,381,Химический факультет,178806ead7c69ca4ba082be68e1d0c4a6367b4b8
33,34,+2,+1,+,+,+,5,419,Факультет фундаментальной физико-химической инженерии,0d349f5e7a6e451651359c878b00c97df35613c2
34,35,+1,+,+1,+1,+,5,438,Факультет журналистики,52a08ec107bea4990709c45bc086665271105879
35,36,+2,+,+1,+,+,5,458,Факультет космических исследований,93970efa2ff99b74c332e9fe1fee1db75b783a7d
36,37,+3,+,+,+,+,5,499,Факультет космических исследований,203b232a58bc35c12470a47143b505d3855f78dc
37,38,+,+,+,+2,+,5,504,Химический факультет,02f1e340a9c4be6acb87f705c06f89208d8dff93
38,39,+1,+,+,+,+,5,516,Факультет вычислительной математики и кибернетики,f7bdf0fa59162b23ef34dfff3de6e737a3fbe51d
39,40,+,+,+,+2,+,5,543,Химический факультет,7471b79acfe1be1f1394230114bbfeaff277871e
40,41,+,+,+,+,+,5,550,Химический факультет,57ac07445f3e4a04997a62230b15536e48998c33
41,42,+4,+,+,+,+,5,551,Экономический факультет,89ec4061a3b8e64d9f1abfc3d4f949f318713b38
42,43,+,+,+,+,+,5,568,Физический факультет,54c5d74a63f2a0799671421c7ac29f899cecc3c9
43,44,+1,+,+1,+,+,5,595,Физический факультет,f37ab0985784b089e874af6fb8508694d5f326b8
44,45,+,+,+,+,+,5,618,Химический факультет,35972f0171770b618237f3f8fde03410d7544788
45,46,+,+,+,+,+,5,629,,3c85e6232fbc687ad84b52e9321069ca6f2a458a
46,47,+,+2,+,+,+,5,645,Физический факультет,039ce9db7f5c55ef01904de4f642af614adb8a27
47,48,+,+,+,+1,+,5,663,Факультет биоинженерии и биоинформатики,8d30dc210e550d2e222e792a7dfcb380aa1c4c61
48,49,+,+,+,+1,+,5,728,Географический факультет,9fdaaf3a810f3a9827953045ffed929164e3dc20
49,50,+1,+,+2,+,+3,5,739,Факультет фундаментальной медицины,6e3d507c75110ed12a46fe49df2d2e791fdde8a4
50,51,+,+,+,+,+2,5,762,Физический факультет,49ffaa456beb9459c257a4c18e3e4846616b9af1
51,52,+,+,+,+1,+,5,767,Химический факультет,d0991ee8f854b6e7e9bd9b9a8903ea0c6c55d025
52,53,+,+,+1,+,+,5,800,Химический факультет,0c68706ddb9d26d633e2b49bcf7f83268f45d79e
53,54,+,+,+,+6,+,5,850,Факультет вычислительной математики и кибернетики,09e7d0008727949fcafd733dfa25716e95831734
54,55,+,+,+,+,+2,5,891,Механико-математический факультет,0fb2d2d2cb618377b2851da698b95e86f8ea765d
55,56,+,+,+,+,+1,5,936,Химический факультет,1104a95c6db4cbcf9c8c1d7853c16b554d9d6de2
56,57,+,+,+,+1,+3,5,957,Факультет вычислительной математики и кибернетики,9ff52620e415de700d27b80cc75707b3485dda2d
57,58,+,+,+,+,+,5,1047,Физический факультет,d9ca7070b2a1e3daa1eca45e45185ca89ab2c9a5
58,59,+,+,+,+,+,5,1053,Факультет вычислительной математики и кибернетики,fd4fea4cf351086241f0dd2da8469de3844e2b1e
59,60,+,+,+1,+1,+,5,1150,Факультет фундаментальной медицины,333df7d5031abaa82fccaa8d97ab19cbd21a380b
60,61,+4,+1,+,+1,+7,5,1156,Химический факультет,dbb81dbcd8bc6507af5f00ced9a7e027a9471404
61,62,+,+,+,+,+,5,1200,Высшая школа государственного аудита,95b66f7d2e0e061f5254375e2bffd3cf35d23d8c
62,63,+,+,+,+,+,5,1228,Физический факультет,add9a319ba1f6280c2f74633debeb3e4170199d0
63,64,+,+,+1,+,+,5,1263,Физический факультет,f93cdd292cf0fb297a7993242ab1d0b9190d2576
64,65,+,+1,+,+,+,5,1275,Экономический факультет,9ef2c96170843e13e24ab6507d1fe71a5b878d25
65,66,+,+2,+,+,+,5,1420,Экономический факультет,17a470cb65dfdbedf75a324b25314ef8e97f48a5
66,67,+2,+,+1,+,+1,5,1542,Географический факультет,b65dacae2797c95ad1964300e36033b782ae8697
67,68,+,+1,+,+,+,5,1555,Экономический факультет,7398ece8949c47bb12592f727aef5c8ae58b610d
68,69,+1,+,+,+1,+,5,1569,Философский факультет,d99c8aa87748b988d6f8e5d48c01add4c64d8ed0
69,70,+,+,+,+,+,5,1571,Факультет почвоведения,7dee0ea4fde2846bd6ad9649baeb30075ceec789
70,71,+,+,+,+,+,5,1621,Факультет журналистики,feb804f7c1d474208dff3278543889bdbd4e3448
71,72,+1,+,+,+,+,5,1680,Экономический факультет,e25b7a4b3c7dd3d32db121b7e40749b8879d077e
72,73,+,+,+,+,+,5,1693,Физический факультет,a21264297c33a673b319cd02aefe1100bb77c3f2
73,74,+,+,+,+,+,5,1694,Факультет психологии,ee807715db76482b190d56c8dca8870f29673510
74,75,+,+1,+,+,+,5,2160,Экономический факультет,358947e537622103ec7015496953da1d853b1212
75,76,+,+,+,+,+,5,2177,Факультет вычислительной математики и кибернетики,28f1eb915faa29dd14e5288b3f7ad8a521f1bbad
76,77,+1,+2,+,+,+,5,2344,Факультет вычислительной математики и кибернетики,daab16723ad1f86c48f3e02bee4f667d18319df8
77,78,+,+,+,+,+1,5,2459,Экономический факультет,3ed8b38a79b41007693d261ef57de3862b7d00ee
78,79,+,+,+,+,+,5,2481,Химический факультет,e5f01075c7aa05948aca506204afcb51f74551d6
79,80,+1,+,+,+,+,5,2482,Геологический факультет,fbee215331ddfb110952c94557b3376df80394a5
80,81,+,+,+2,+1,+5,5,2842,Исторический факультет,e23266d5a1391c0b2a0c4b1a2852f374605fcce2
81,82,+,+2,+1,+1,+,5,2924,Экономический факультет,f46a2c3862d6be1a15348f4d5c33921a81c2590b
82,83,+4,+,+,+1,+,5,3032,Факультет космических исследований,4031e1121f2d29b78fd72d28847a0bc3e04bc64d
83,84,+4,+,+,+2,+,5,3056,Факультет космических исследований,abcd3d86cf3b45e351840164340a39866136a620
84,85,+3,+,+,+1,+1,5,3399,,e65c73bc3af10243cad47130eac4c1dfb45a51a2
85,86,+1,+2,+1,+,+1,5,3988,Биологический факультет,3e11902963a92f42c21ea579e1847c9d662c4164
86,87,+,+,+,+3,+,5,4238,Химический факультет,e9cceb5acfecf83e514d43ad0a3e4327c6411279
87,88,+,+,+,+1,+,5,4446,Факультет вычислительной математики и кибернетики,f48e141a1ecb5a71cdcc53fc47ea665c999a6d69
88,89,+,+,+,+,+,5,4504,Факультет фундаментальной медицины,f56fd880873a2c0d26f5f6e3f8ffb0911f7a1b3f
89,90,+,+,+3,+1,+,5,4535,Факультет государственного управления,9090d0b43a41f3244f168cdde59d581bb5642b78
90,91,+,+,+,+1,+,5,4807,Механико-математический факультет,d2a2dbff4d73d758bb062321aa9aa86d1cb9197a
91,92,+,+1,+1,+,+,5,4847,Исторический факультет,36da12305317551ab14c135776798aad37452954
92,93,+,+,+1,+1,+4,5,4888,Философский факультет,e434c26b905f6b3821ff3c57c202770ec69cb727
93,94,+,+,+,+1,+,5,5134,Факультет фундаментальной медицины,a1ec30a60cea88348651f13ff33236fdd63766cc
94,95,+1,+,+,+,+,5,5473,Химический факультет,c17141e85ff15c84e7138cd52c091a4d2424e3b9
95,96,+,+,+,+,+,5,5535,Факультет космических исследований,017b8053561e90afde2238ad908cb5f3de68dfbb
96,97,+,+,+1,+1,+,5,5605,Экономический факультет,27040d6e0f4f34bf2189f5191ac2c18aac27a85b
97,98,+3,+,+1,+1,+,5,5694,Экономический факультет,5b95c34bdb9774a89c31c44e6d471269eb827f2a
98,99,+,+,+1,+,+3,5,5836,Социологический факультет,a3fd98ebcff77230190f79b95442b0775c19aa5e
99,100,+,+,+,+,+,5,5875,Факультет вычислительной математики и кибернетики,3231b2d9f89d6e103f6fe9289f15aa5cd290704d
100,101,+1,+,+,+1,+,5,6008,Факультет вычислительной математики и кибернетики,8897cd2975367023e843ff6ae0b96e3d58a336b9
101,102,+,+,+,+,+,5,6028,Факультет фундаментальной медицины,b3abf9c8a2363be85bf91e2f8c2c6ecada80b6e7
102,103,+,+,+1,+1,+,5,6112,Биологический факультет,08d88b2120418e29fc0fc54cac406fd4490d6a65
103,104,+,+1,+,+,+,5,6203,,b6698d32a5cbc8086e55e8579132ec936f223c8c
104,105,+1,+,+,+,+,5,6204,Физический факультет,e3cc82d8246fc807857d6c3d250169c802e0992b
105,106,+,+,+,+1,+,5,6213,Факультет глобальных процессов,8617502bd3fcfe1a8d3402c7863cbf915234e5cb
106,107,+,+,+,+,+,5,6345,Не из МГУ,2183a84192e4c12d880faf1d3ec2658bb9423255
107,108,+,+,+,+,+,5,6418,Факультет почвоведения,e30e3189cd58eb4818f57fefabdf66ce17cdab42
108,109,+,+,+,+1,+,5,6459,Экономический факультет,ceff8aaaa8b30b8e286d9b014df35a8170e06539
109,110,+,+,+,+,+,5,6642,Физический факультет,2c0a064aef7de852e4b494066c037f8181831edb
110,111,+,+,+1,+1,+1,5,6794,Факультет космических исследований,2db08ed28eecd4bb07bbca79242ca98d68cac22d
111,112,+,+,+,+,+,5,6800,Физический факультет,51dbb4686254dbd6f9e5477ba8200b3387a60879
112,113,+,+,+,+,+,5,7145,Физический факультет,47822b8e79ae9b67294c399f7314aaca549560a2
113,114,+,+,+,+,+,5,7176,Исторический факультет,990fd9a37e7816f5430c960542391e9b114b4f50
114,115,+,+,+,+,+,5,7276,Факультет вычислительной математики и кибернетики,0f888a12498be8fb17ee9bec70e2806d67fd30ee
115,116,+4,+,+,+,+,5,7748,Химический факультет,7f53752538f00e5079b22a1120a0c63f415ba1d0
116,117,+,+,+,+3,+2,5,7758,Географический факультет,b9868fa88d0d1440fc8a307ca1fe6986a28043ec
117,118,+,+,+1,+,+1,5,7982,Биотехнологический факультет,e813cd49a623985597dfb915cffa4f947ce930b1
118,119,+1,+,+,+,+,5,7988,Механико-математический факультет,cd39fe88c8318316cd2d67aca8a941d042600f6e
119,120,+,+,+,+1,+,5,8382,,2e132c789cef6fc4be79f45d93da2f6671a8a206
120,121,+,+,+,+,+,5,8632,Химический факультет,e1371095d1042f7fcbd2026b4d8c33eaebe1282e
121,122,+,+,+,+1,+3,5,8687,Факультет вычислительной математики и кибернетики,598af69d255cfe46cf39d4957926f30d8bf90d08
122,123,+,+,+,+1,+,5,8702,Факультет вычислительной математики и кибернетики,7a22d2c4d01165142f6bb9312187282f7848ca14
123,124,+1,+,+,+2,+,5,10075,Исторический факультет,0451cffbe09e960032d98ba95a593de4bfd6a59a
124,125,+1,+,+,+1,+,5,10479,Институт стран Азии и Африки,5ccf2fe6385d9126df9864a18f068adc65c322cf
125,126,+,+,+,+,+,5,10533,Экономический факультет,74a4a7e6c1e46c2dea634eeca2048db4f1e26cdd
126,127,+,+,+1,+2,+,5,11397,Географический факультет,6d9232f9df88d7654865ba6f1a0a30787ed18682
127,128,+,+1,+,+,+,5,12014,Механико-математический факультет,f6d30641d21dd64fc702dfb3c53b58c3dc504ee0
128,129,+,+,+,+,+,5,12440,Физический факультет,e24ca37361c3bb7674fd88b11295f1a83cc96ad9
129,130,+,+,+,+1,+,5,12498,Факультет вычислительной математики и кибернетики,6d1386930070a9da993d1de29f2f3698f03228dc
130,131,+,+1,+,+,+,5,12509,Факультет вычислительной математики и кибернетики,fedf3037b3c560d3a9316456169354ad913da2d2
131,132,+1,+2,+,+1,+,5,12640,Факультет вычислительной математики и кибернетики,1e313c6b672ceae8c45d2b4cb0a1531b33f67036
132,133,+,+,+,+,+,5,12807,,9c065d5719b224ddaf112a6c22a176f9b2041f0d
133,134,+,+,+,+1,+,5,12997,Физический факультет,dfc1f902608deee261fb523a403bf8093fbe0835
134,135,+,+,+1,+,+,5,13236,Высшая школа государственного аудита,8ca213a191b9dc9a157385cb85ade4e0dbfd1b45
135,136,+,+,+,+,+,5,13411,Факультет биоинженерии и биоинформатики,94c6e8b13b41a9fe54fce2dd09b520e9c59af581
136,137,+1,+1,+1,+1,+,5,13475,Социологический факультет,579f407b60c97f81148a85691056cd946450bd83
137,138,+,+,+,+,+,5,13658,Геологический факультет,d894e6de801811320a63783372e73790572ba548
138,139,+,+,+,+,+1,5,13738,Экономический факультет,c41176966736526445c3d3f46b634ea7d11bff24
139,140,+,+,+,+1,+,5,13910,Факультет вычислительной математики и кибернетики,9346fe3ca3e1d981403c728c7a8bcccb19e9b053
140,141,+,+,+,+,+,5,13967,Факультет вычислительной математики и кибернетики,90e0f969d47025c81ae480baec69473c11cc2e65
141,142,+,+,+,+,+,5,13978,Факультет государственного управления,6e0ba9087f4709d3c972465e135c87fa305aa289
142,143,+,+,+,+1,+,5,14012,Экономический факультет,9b50967e00161bc288b0b590bf6307afc44ede9f
143,144,+,+,+,+,+,5,14014,Факультет психологии,793a42d668095889659f091104e32f8c75f7e23a
144,145,+2,+,+,+,+,5,14027,Факультет космических исследований,804e0254a74feec712b6be56705aff5e03cacac1
145,146,+,+,+1,+,+,5,14031,Физический факультет,74613a9c8b8bfdcf432e1d3557c565ee018e506c
146,147,+4,+,+,+,+,5,14041,Факультет вычислительной математики и кибернетики,d402d76e1d982da73a0e549fa234f1ed8e1f00f7
147,148,+,+,+,+,+,5,14045,Факультет вычислительной математики и кибернетики,8884441164df3c990d88172b2eb119cbd11f86a2
148,149,+,+,+,+1,+,5,14078,Физический факультет,0b8c70b1348d904983b191e5d234b808c826e7a8
149,150,+,+,+1,+,+3,5,14226,Физический факультет,5672ec68b61494117f2dad1f365101939f2be947
150,151,+,+,+,+,+,5,14263,Физический факультет,a6de32b320a160bf98d62667fb05b3c22153b394
151,152,+,+,+,+1,+,5,14296,Не из МГУ,956a3f7a006c7b2ee1b62d57111649cd1e1c1370
152,153,+,+1,+1,+,+1,5,14307,Факультет вычислительной математики и кибернетики,c2bfd4f913773add61fbc769d2fa96b58dcbce96
153,154,+,+,+,+,+,5,14395,Высшая школа государственного аудита,149443e3862658d0e78d14a329daaabafa4bb53e
154,155,+1,+,+1,+1,+3,5,14402,Географический факультет,546f58352ec29e06eb23dce9b8666b75ded7d2e3
155,156,+,+,+1,+1,+2,5,14432,Физический факультет,ad25bfb4150934ffc90930df024a534b2ca16c61
156,157,+,+,+,+,+,5,14567,Механико-математический факультет,75d2d3c9dd74041abc7c35097677b4689d34edda
157,158,+,+,+,+1,+,5,14579,Социологический факультет,5e7d26fb13dc9fc2d1b55d3e36edd27bf5038271
158,159,+,+,+,+1,+,5,14582,Социологический факультет,e25a46eb2c64db61ff5908b2dd21ce379378f424
159,160,+,+2,+,+,+3,5,14586,Высшая школа государственного аудита,9a1c15c2385e1ce85de79a26588b7324625cc6b9
160,161,+,+,+,+,+,5,14747,Экономический факультет,87933ec87cd98c40095f69e099d695a87bc61ebd
161,162,+,+,+,+,+,5,15256,Факультет вычислительной математики и кибернетики,ea5b12c2fdd30e481ef351855d36db1c290cb58a
162,163,+,+,+,+,+,5,15394,Механико-математический факультет,6ad92e8129f2dfdce6f09d0b892c1b041fa10896
163,164,+,+,+,+1,+,5,15434,Биологический факультет,5f00d8cbfa859439b002f68adac65f6a21e634de
164,165,+,+,+,+1,+2,5,15452,Химический факультет,dadc483083440817aa8f796302e86bab7fd82f11
165,166,+,+,+1,+,+,5,15504,Социологический факультет,6e6f78f199c74ada40d9e230a5574403adc777ba
166,167,+1,+,+,+,+,5,15524,Физический факультет,dfe1fbab50ce8df012835c6c0d0472f002791db1
167,168,+,+,+,+,+,5,15579,,51fba264526d7d9da0105c89a42b96cbdd3e6e4d
168,169,+,+,+,+1,+,5,15782,Факультет иностранных языков и регионоведения,b55050602a63d10dbe60dbe6bfb338c184410d42
169,170,+,+,+,+1,+,5,15796,Географический факультет,612a73371aa399e9701129e5c103fafcf09584de
170,171,+1,+1,+1,+3,+4,5,15865,Социологический факультет,a3680c94a9137a68567cab5b4cfb35c7f07e0736
171,172,+1,+,+,+,+,5,15910,Факультет вычислительной математики и кибернетики,13b62ddb959f31fa4d481899e9e1bbe581a754b6
172,173,+,+1,+,+,+4,5,15997,Факультет вычислительной математики и кибернетики,eca86f051d0c5d3ed97a060de1ccf56793301b97
173,174,+,+,+,+,+2,5,16137,Высшая школа современных социальных наук,1728a8e80e0f75b240f4cfc8ed80339d97fbcace
174,175,+1,+,+,+1,+5,5,16171,Не из МГУ,a8b012e70c6d61fe6d63b950be43b74b244003f2
175,176,+1,+,+,+,+,5,16270,Механико-математический факультет,00ca1c411e661efee79ea90624922e59fc2c3333
176,177,+,+,+,+,+,5,16675,Факультет государственного управления,79f397ac8879684b4c16c97f2e1ea10642687f41
177,178,+,+,+2,+,+,5,17121,Факультет вычислительной математики и кибернетики,d952e94858fb8b75d78e3fd2df5146c7f31e5e00
178,179,+,+1,+1,+,+,5,17552,Факультет почвоведения,513262870bf6c23bb077535dff1defc0feea6f8c
179,180,+,+,+,+3,+,5,18411,Социологический факультет,da0cd312a11f9dc8b2e0b554e8e8ae079a918165
180,181,+,+,+1,+,+,5,19049,Факультет вычислительной математики и кибернетики,e5ce7915f43a68cc56f03506dbab7d0818c3ae4a
181,182,+,+2,+,+,+,5,19155,Химический факультет,0084ebd9fcedf233cb286360e7a9f9f05b04faa5
182,183,+,+,+,+,+,5,19409,Экономический факультет,b6aba1255fc5fc576b96c00e552da27af97e7f5e
183,184,+,+,+1,+,+,5,19470,Факультет фундаментальной медицины,079ec820f2a7f420c8e8465cc5fad102a3fe5858
184,185,+,+,+,+,+,5,19528,Факультет вычислительной математики и кибернетики,6dd949c6f1c766782696a48f9fa01d86e0516bbe
185,186,+,+,+,+,+,5,19699,Факультет вычислительной математики и кибернетики,3226136f41c445d2dc384881c9a281f66b6feee7
186,187,+,+,+,+,+1,5,19736,Философский факультет,e55f4554b9f5c02a3f185c8bce5a6481aaa30269
187,188,+1,+,+,+,+,5,19766,Механико-математический факультет,52f8ced0a29282418d67d30f7bf647b99a1280d0
188,189,+,+,+1,+1,+,5,20086,Социологический факультет,49bec645f7ab06d956832a1aa184b77e6eb285e6
189,190,+,+,+,+,+3,5,20149,Химический факультет,51212e128fccadca4b0f1bc9c0be42aa18d74dc1
190,191,+,+,+,+,+,5,20539,Филологический факультет,c793f35cd159dc8069e7f2d3ea0c00bce5e5c7cd
191,192,+,+,+2,+,+2,5,20647,Экономический факультет,76db2491e4c0fa9f9cced1ab22a5ee2bf89f6fc3
192,193,+,+,+,+1,+1,5,20936,Институт стран Азии и Африки,fb2ce6b2ec322c245717d123f860cd78ce385290
193,194,+,+,+,+1,+,5,21014,Экономический факультет,36d1955d32195b0b2538022c3ef3dd88de0cd3be
194,195,+,+,+1,+4,+,5,21416,Экономический факультет,e66e89cf46a7621dcd9b89d5d71e40a14a2ea947
195,196,+,+,+1,+,+2,5,21628,Геологический факультет,51ce3b84da01b2a012a22d6947986eb3943fcb98
196,197,+,+,+1,+,+3,5,21658,Географический факультет,a3f31a01c58d443c8813b554d9cb2e13ec1c13f1
197,198,+3,+,+,+,+,5,21760,Экономический факультет,bec4a9277626b64506a0c11b2275b336f4b76796
198,199,+,+,+,+1,+,5,21771,Физический факультет,d15f303d31a7f34b2c8eecc02eba3b466053cb6e
199,200,+,+,+,+2,+,5,21874,Физический факультет,21c146faf2f6628ddd74b1085cb247e28cf2145a
200,201,+,+,+,+,+,5,21914,Физический факультет,d5549e651dbf2774101877e9c7ae6fd71bbef064
201,202,+,+,+,+,+,5,21967,Факультет вычислительной математики и кибернетики,5b2c2fc6ae6c3f9a0c4244482b7a142b66f45dd6
202,203,+,+,+,+,+,5,21984,Физический факультет,84c63bcc870dc0f30d4d406fbe078ae87078a3ac
203,204,+,+,+1,+,+,5,22010,Экономический факультет,ed63baac58345f72bf6849569a7f2ff0d558696d
204,205,+,+1,+,+1,+,5,22030,,282ce13355e51eaf645beab1ad6910688d874339
205,206,+,+,+,+1,+1,5,22159,Механико-математический факультет,9207c6924a42fdb61c47096ecc33f93b169c2f0d
206,207,+,+1,+,+,+,5,22339,Геологический факультет,9c93e6a84a80cfd773eaf08b8f5c0b1563068c1e
207,208,+3,+1,+,+1,+,5,22443,Факультет вычислительной математики и кибернетики,8486e1b961603f120fa429075a064c87d59e4e03
208,209,+,+,+,+,+,5,22512,Механико-математический факультет,5e2221cbaafcff6213565801ea57d6c5d94825f1
209,210,+,+,+,+,+1,5,22515,Физический факультет,4eeaed56635d411467c3eadd5e9be80ff96b12e1
210,211,+,+,+,+,+2,5,22652,Экономический факультет,c66863fd3908b1a85a391facbcf5236c547d594b
211,212,+,+,+,+,+,5,22740,Механико-математический факультет,96938c3116e132bcdd451be31fb9328900151039
212,213,+,+,+,+,+1,5,22799,Факультет фундаментальной медицины,744e2a18242e4cc5417af331904442492a4afc8c
213,214,+,+,+,+,+,5,22828,Физический факультет,f1a4a5b035ae67ce8bd49e54eb54590f00d8e998
214,215,+,+,+,+,+1,5,22882,Факультет вычислительной математики и кибернетики,a9de9938b25ad4488ec051f12a47166398a253e0
215,216,+,+,+,+,+,5,22950,,e9c6d37fea2ea1a437d30e69e1e7db20188cccfc
216,217,+,+,+,+1,+,5,22957,Филологический факультет,e3c59616cfd8a619bb57760f0e83ec6e8f787638
217,218,+1,+1,+1,+,+,5,23054,Факультет вычислительной математики и кибернетики,82ce74a0df546aa510ad50c0a83b1ba72850c880
218,219,+,+,+,+1,+,5,23093,Экономический факультет,10c200d1408b81226a3f0ffb8cdae5e95bce08be
219,220,+,+1,+,+,+,5,23127,Факультет почвоведения,2f88b9028b20bc162333af333a0a2161d55c253f
220,221,+,+,+,+,+,5,23398,Экономический факультет,6e5f75afed4c61411788633201519183c821d222
221,222,+,+2,+,+,+,5,23792,Химический факультет,3510c51161634be7c5eee509a0853167eee0094f
222,223,+,+,+1,+1,+,5,24153,Экономический факультет,418a8f6ccc859a77deb5d36837d5f9cea236cd51
223,224,+,+,+,+,+,5,24776,Факультет биоинженерии и биоинформатики,6946515f57264008a72f88b0c39e362c57d91840
224,225,+,+,+,+,+,5,25052,Физический факультет,01731221b7911686559dee30ac1d16cf149585af
225,226,+,+,+,+,+2,5,25190,Физический факультет,9ca5ddd1d3adb246360980f4dcfdbb601f68fe24
226,227,+,+,+,+1,+,5,25339,Биологический факультет,5bd82ada432f6f596712157d403b68e7d0e1f439
227,228,+,+,+1,+,+,5,25988,Экономический факультет,b0cb033b4794e4121b03b6311c24cd14f39b0d9d
228,229,+1,+,+,+2,+1,5,26674,Исторический факультет,4ea6b37f5613f6105df3913cde4461dcb773077b
229,230,+,+1,+,+1,+,5,26860,Механико-математический факультет,52de761f089ae8662ff18b33aa0f235c7d4a9d2c
230,231,+,+,+1,+2,+,5,26907,Экономический факультет,c6c459af12a155af61e7d160b9abbf8cdce3c0fd
231,232,+,+,+,+,+,5,28308,Факультет космических исследований,018dd2ea42b50393808994e35f449f263b5d711d
232,233,+,+1,+1,+,+,5,28663,Социологический факультет,a6f320d1ff518bd067cd7609baa799d49e89c456
233,234,+,+,+,+,+,5,28727,Физический факультет,ea601f16838c42cec0778a7c6c8e169019d466e9
234,235,+,+1,+2,+,+,5,29240,,bb721c4a14f1003f6e8cf78a75881cb460cd3c3d
235,236,+,+,+1,+1,+,5,29600,Факультет вычислительной математики и кибернетики,b7e9b6f3cde51d45eb41dfa8168308a9017955ec
236,237,+,+1,+1,+,+,5,29605,Факультет вычислительной математики и кибернетики,13213de05f2373e74b6a898c9fbae74ab9ed4a7b
237,238,+1,+,+,+,+,5,29615,Физический факультет,a7a5d3440f9e5667bce816c46343d06893761710
238,239,+,+1,+,+1,+,5,29631,Факультет вычислительной математики и кибернетики,56194caac228d668bfcdb33fd508adfbc9da3d94
239,240,+1,+1,+1,+2,+,5,29656,Институт стран Азии и Африки,48782ecc8bdbc1158650c58dc467137713a813d9
240,241,+1,+,+1,+1,+,5,29681,Физический факультет,323e67354de6195f758bbf27a3e0cbaffceacd9a
241,242,+,+,+,+,+,5,29739,Биологический факультет,a119ef6904f9aa049d4717b0cc0cb854c6c18d08
242,243,+,+,+,+,+,5,29789,Биологический факультет,b7e816673b87a2873a8dad49b04b7e06883df63a
243,244,+1,+,+,+1,+1,5,29798,Физический факультет,e4b5178966c20ba73a9ea27a741c3e0636c4ed2e
244,245,+,+,+,+,+,5,29805,Биологический факультет,4a64274775f77186c020b8fe94f3c20a4215edf1
245,246,+,+,+1,+3,+,5,29858,Филологический факультет,372988b3afeaf7e0c0e4fb2631ff3295503a7e38
246,247,+,+,+,+,+,5,29876,Физический факультет,430b922f853e7555a7c8c022e002b74ee46bf55f
247,248,+,+,+,+,+,5,29894,Химический факультет,7a4a9c0abb09771450079e1f9a624cf0f9ba9922
248,249,+1,+,+,+1,+,5,29903,Химический факультет,3ee6c4ac2b4e3fdca04023ee5e2b80c780d4cb62
249,250-251,+,+,+,+,+,5,29943,Факультет космических исследований,82f2c8acb69a2a05f645a2801d2deeb4bbd5820d
250,250-251,+,+,+,+,+,5,29943,Химический факультет,30eb9cb966c3cd469f543e44e88dc76c85ca6a5b
251,252,+,+1,+2,+1,+1,5,30033,Не из МГУ,b430d492099eca058cedc23a1baf339f563cdf56
252,253,+,+,+,+,+,5,30060,Физический факультет,84715dbc14bb0213ab86b4d99fb314dc2d53295d
253,254,+,+,+,+,+,5,30231,Факультет вычислительной математики и кибернетики,60a6375069d48c1e7211aaa94bfe71b63754053e
254,255,+,+,+,+,+,5,30248,Высшая школа современных социальных наук,fcad7f1b41d601edbc57c10ae1dca6cfffadfcf2
255,256,+3,+,+,+,+,5,30350,Химический факультет,2997fb9a4fcf0500ba93e6f4bc457f6623ee2b95
256,257,+,+,+1,+,+,5,30444,Физический факультет,f417ef8f158b32ecb6ca7cc44aaa73b1ae415a25
257,258,+,+,+,+,+,5,30505,Факультет вычислительной математики и кибернетики,4e48211bb60a2abbbb56d9a9a9614ee83a5fd89e
258,259,+,+1,+2,+,+12,5,30754,,cae75cd7d0b2330cd9e019a68cde7589f86871bb
259,260,+1,+,+,+,+1,5,30763,Факультет вычислительной математики и кибернетики,b389b6a5d14012252821fba533c05a32eca57841
260,261,+1,+1,+,+1,+,5,31490,Факультет вычислительной математики и кибернетики,d4d2be0f235f284c27cbaefebf29168b60fb3cb4
261,262,+,+,+1,+,+,5,31751,Экономический факультет,54f8d55c0f5171736f7fd9d40c9445e4042cd0e7
262,263,+,+,+1,+,+,5,33477,Химический факультет,147cbc2ab735a70027a28ed82f135d55cbe0819e
263,264,+,+,+,+,+1,5,33508,Физический факультет,8f1accb5adba663f63182bdcc3ca4e4ead59c40d
264,265,+,+,+,+,+1,5,33975,Исторический факультет,5036ec383a0673e78e63dcf2fa8da854bc7bceaf
265,266,+,+,+,+,+2,5,34001,Факультет глобальных процессов,ec6d3c34b00cf0a19b6bb1e9afc7ddc74cdaf9c9
266,267,+,+,+,+1,+,5,34115,Физический факультет,6fd9b8b8dd9cf00f9772eb52e2e043a7fdbccf22
267,268,+2,+,+,+3,+4,5,34122,Биологический факультет,fbfc07b17fa09c72e481d15d951e4f79f073dd8c
268,269,+2,+,+,+1,+,5,34228,Факультет наук о материалах,9fc099b8a987378e878996aceb1c6e53294da60f
269,270,+1,+,+1,+2,+,5,34329,Факультет глобальных процессов,1118f6842bd8ed3c8d76e98e255feb52b8a16a5b
270,271,+,+,+,+1,+,5,34577,Физический факультет,f7f18e0b4b99449032572a2c98bbabba98745daf
271,272,+,+,+1,+1,+,5,34770,Факультет биоинженерии и биоинформатики,2bf136199d3f40870dc0308dd9a673e23bc41a15
272,273,+,+1,+1,+1,+,5,34775,Факультет фундаментальной медицины,51a8b53462de387a6b668077ddfa529328ce18e5
273,274,+,+,+1,+2,+2,5,34968,Философский факультет,9cee8cfa7683b91379f7696071dd7a85359e3fd6
274,275,+1,+,+1,+1,+,5,35003,Факультет государственного управления,7f1d6157f716d2c23ee5f5b8b4afad59e705a9df
275,276,+,+,+,+,+,5,35073,Факультет вычислительной математики и кибернетики,932f68c6eb3ea5071f5f5a53c88b5c9e13501671
276,277,+4,+,+,+,+2,5,35107,Механико-математический факультет,de95e645fe610072b44c069e4db3dbab44cdfa8c
277,278,+,+,+,+,+,5,35208,Географический факультет,3d8a04367d5156f3bb97a1839dac51b2c51dbbca
278,279,+1,+,+,+3,+,5,35261,,87c7f0815b596bf242bd06ba2e52cacfd5a2d430
279,280,+,+,+1,+,+1,5,35339,Факультет вычислительной математики и кибернетики,7d99b69c56c76917885d607eb6f17168aec9a9ae
280,281,+,+,+,+1,+,5,35362,Факультет вычислительной математики и кибернетики,43bcd6882b25adcacbd1c8f65e888533ccede681
281,282,+,+,+,+,+,5,35391,Геологический факультет,a5b0bab26ff8d54df9b3c6f3392f4fc87b4f134a
282,283,+,+,+3,+1,+1,5,35405,Физический факультет,88a17fde09e0c6960a49d5a53e142805828b9112
283,284,+,+1,+1,+1,+,5,35532,Факультет почвоведения,1eef9ef16d92c13631f70b4cf952c54fdfbbd7f9
284,285,+,+1,+1,+1,+,5,35535,Физический факультет,4aee2c2b61424398c62ba1e8ddefdcaf2ca59f83
285,286,+,+,+1,+,+1,5,35633,Экономический факультет,f3120d33b62dc44409d51a427ce973842b4c52d4
286,287,+,+1,+1,+,+,5,35718,Физический факультет,a30ab56273cbe0d68cbab556a4cdc057be2e5936
287,288-289,+,+,+,+,+,5,35822,Факультет вычислительной математики и кибернетики,93d10a0667899f4df585659885d101ff0d71d514
288,288-289,+,+,+,+1,+,5,35822,Факультет почвоведения,6854fd513f2c8c871e2f547a14cd9121ac64720a
289,290,+,+,+,+1,+,5,35907,Факультет вычислительной математики и кибернетики,269e02c8b81235107e80c93e6a0e57cdc5876dc6
290,291,+1,+1,+,+1,+,5,35959,Геологический факультет,d7336043d292e71bfc4d44dbe99ec149a27da077
291,292,+1,+,+,+1,+,5,36000,Факультет космических исследований,be6ff3c35ccd690867b24273387ce5541292fdd8
292,293,+,+1,+,+,+,5,36214,Физический факультет,62680b8b681955092ff41cd03fe9fab7e38402af
293,294,+,+,+,+1,+,5,36256,Физический факультет,2e35697eaeaf0171cdaa7cd7f9fab4de338206c5
294,295,+,+,+,+1,+,5,36304,Факультет мировой политики,909e7f97a268811d9acadf1d2e2484628e23b4e0
295,296,+,+,+,+,+,5,36380,Химический факультет,b06349b83aab47ac0dfc59c8b7a6221c9fb07e78
296,297,+,+,+,+2,+,5,36411,Экономический факультет,aca5c1a6ef2c84556ce73c9fa47efe0f279f7861
297,298,+,+,+,+1,+,5,36545,Биологический факультет,cf35e15444ee445c54026611d4a59b6a21030ded
298,299,+,+,+,+,+,5,36649,Физический факультет,dc58417add078bfa340a07c123b2f3634b185bf0
299,300,+,+,+,+,+,5,36778,Геологический факультет,735a127a0ebbf23d9e9d45f75271f3446872eb6d
300,301,+,+,+,+1,+3,5,36812,Социологический факультет,642ebf821f645cc53d7a0fbbdabcd3e4021b4b43
301,302,+,+,+,+1,+2,5,36820,Физический факультет,f428171daeea135fb7490e1b7a805b541176835a
302,303,+,+1,+,+,+4,5,36857,Факультет почвоведения,13932f7de1e41876d39c653917090fe9198e74d4
303,304,+,+,+,+,+,5,37295,Факультет почвоведения,1592225808a70057fa42fda392c959fc2411ab1d
304,305,+,+,+,+5,+,5,37779,Механико-математический факультет,6a8dd508eee8e65babcf1824fcb021a6f84e7c68
305,306,+,+,+,+,+,5,38153,Биологический факультет,c74dd911f3c2f563a5ee316a215bbe7c3f1e8f75
306,307,+3,+,+1,+1,+4,5,38243,Факультет почвоведения,8537fa49303bf4c9fcc62251e2816c515e8db3b9
307,308,+,+,+,+1,+,5,38393,Факультет почвоведения,fcb353abeb94e06f36b27b8083b078599bfbd590
308,309,+,+,+1,+1,+2,5,38426,Филологический факультет,2dac836ced7bcdb1a51bc4d88b18b058b09fb3c2
309,310,+,+,+,+,+2,5,39204,Институт стран Азии и Африки,72b32d220831d1accca0ef8d9146e6691d9bb8f4
310,311,+,+,+,+2,+,5,39812,Социологический факультет,b9b9696b622dfbd05eb16463bb4272068aecd042
311,312,+,+,+1,+1,+2,5,40037,Институт стран Азии и Африки,b70fb47b0ad78923abda11f0da43c0e01558c14f
312,313,+1,+,+,+,+,5,40744,Факультет наук о материалах,a2738600108501d0d9b69674307836fa417b2cbf
313,314,+,+,+3,+2,+,5,41244,Не из МГУ,2cd847b5b7ea12e66e61352b353f4c190019df5d
314,315,+,+,+,+,+,5,41277,Физический факультет,8928da2f8d5e907af4341dff83272c7909edc023
315,316,+,+,+1,+,+,5,41279,Химический факультет,2e9f5920f110377556e1d411b7435d13629716a3
316,317,+,+,+,+,+,5,41523,Факультет вычислительной математики и кибернетики,0e2f0d386d0d103479d5d1769122409c9be59c3e
317,318,+,+,+,+,+,5,41925,Факультет вычислительной математики и кибернетики,787a0641285ce8034544d09c704a474d59fe18fc
318,319,+,+,+,+1,+,5,42009,Физический факультет,a278fbc739633582d2a5ec8cc4bbb85cd8f5046f
319,320,+,+,+2,+,+,5,42334,Экономический факультет,2f3c2a7aac44ec196a76231eb860d4fdda3b3e97
320,321,+,+,+,+,+1,5,42518,Факультет вычислительной математики и кибернетики,872493d985522198ff7c44758e4a0a44ecf72601
321,322,+,+,+,+,+,5,42529,Геологический факультет,ebf594afc59f2d4fbcbeff48fa93950cc23b1cc5
322,323,+,+,+,+,+1,5,42540,Физический факультет,e380863ff4fbb5cf3a410b9cbf8d76c52516731d
323,324,+1,+,+,+1,+,5,43535,Физический факультет,9aa0fc97b17f08207961c1dfb3dcb9dac0d49f7e
324,325,+,+1,+1,+1,+1,5,44009,Механико-математический факультет,dde19c3a441d8828cf1737e16399cf4bbb7bda2b
325,326,+,+,+,+,+,5,44213,Экономический факультет,0c2ea4ff147b9a1e180aeae4130189e56d9324d5
326,327,+,+,+1,+2,+,5,44513,Философский факультет,1559f0f00fcace42673f2abf644abec92bae574c
327,328,+,+,+,+,+,5,44585,Факультет государственного управления,25d6a628f5caeba7d831dcdf1fda36901042281f
328,329,+,+,+,+1,+,5,44761,Факультет почвоведения,1a565c219bf24164bca543c607d0fb6495b64d3b
329,330,+1,+,+1,+2,+,5,45022,Биологический факультет,386ff7ce36b1f52f602e7e0e37da938a6d81721d
330,331,+,+,+,+,+,5,45329,Механико-математический факультет,7a921903b491198a7abe4b9b5723ea49c0e20d69
331,332,+,+2,+,+1,+,5,45393,Экономический факультет,83f85584aa387ee8726a1fa88b44e89e946206fe
332,333,+,+1,+,+,+,5,45735,Механико-математический факультет,83e05dde79570862ddcdc1c7425684d202da256b
333,334,+1,+,+1,+1,+,5,46614,Социологический факультет,29f7815fb8e874c9412d00b30c9e8988836d4199
334,335,+,+,+,+,+,5,46992,Факультет вычислительной математики и кибернетики,e5bbb2960dd9ec4778604b1fc94ddcf0e731df45
335,336,+2,+1,+,+,+,5,48062,Факультет биоинженерии и биоинформатики,365e1fa4ae283db712309811ded0672deb051fd2
336,337,+,+,+,+,+,5,48126,Социологический факультет,7ca6b00b4427ae8d4627afe563df75c262f404ea
337,338,+,+,+,+1,+,5,48872,Механико-математический факультет,7e430e6850817645c33849c4983a1f773794e23c
338,339,+,+,+,+4,+,5,48940,Геологический факультет,383af5f8f67754d0ddd29de96cde9647dfdf922b
339,340,+,+,+,+,+,5,49278,Факультет вычислительной математики и кибернетики,a696a830d8c8bd8b96390948e4b6827f636a1fdd
340,341,+,+2,+,+,+,5,49529,Экономический факультет,98ad4d38a3a73371440f4c18344be138874a77e0
341,342,+,+2,+,+1,+,5,49592,Факультет вычислительной математики и кибернетики,5bf946fc1cc16c496d29bd2c92e1bf6cfc8bbfa6
342,343,+,+2,+1,+8,+,5,49985,Факультет психологии,b38ac6895bb161108c2e5856f2fb05a09f5cc19a
343,344,+,+,+1,+,+,5,50067,Экономический факультет,710e6c547b1b634bf6c8700856c4f2a5adde8bde
344,345,+,+,+1,+,+,5,50239,,2892a70d7242babec9a99c102c796ebe042f7cce
345,346,+,+1,+1,+,+1,5,50394,Механико-математический факультет,9100b0d9da36671148eb6aa3a55f80528ae39b9e
346,347,+,+,+,+,+,5,50845,Химический факультет,bc20bec6da0baf8a50b243556d87fe8a489f1158
347,348,+,+,+,+,+,5,50878,Физический факультет,80ffdcddbed043ad4f6ddc1123ce12f496e8fa59
348,349,+1,+,+,+,+6,5,50949,Химический факультет,66250b4be5f9eaed97b3bd65846b2b4c37688e36
349,350,+1,+,+1,+3,+,5,51232,Институт стран Азии и Африки,26dc0d80850439c3863cab675c8f9c2f5ea3e76c
350,351,+3,+,+,+,+,5,51322,Географический факультет,74973dddfb6c2ed0885dd906aff46b3e826d61a0
351,352,+,+,+1,+,+,5,51445,Факультет психологии,b4127efa14b9509fc4eaaddddda8ac99a2ea7d4a
352,353,+2,+,+,+,+,5,51778,,8fa767d829c00de2e7f9f4b521e6a07dd529d7b7
353,354,+,+2,+,+,+,5,51977,Экономический факультет,c3531852faf679b524e9cc81773612d1048e8f0f
354,355,+4,+,+,+,+,5,52326,Экономический факультет,787fd95cb327babd5e3be732e90de1d0663088b6
355,356,+,+,+1,+3,+,5,52981,Физический факультет,33af1498616001e408e10b60d8f000d8c0639b9b
356,357,+,+1,+,+1,+1,5,53306,Экономический факультет,957c87370b869bddaece86f7d771d3e859a616b7
357,358,+,+,+,+,+,5,53436,Социологический факультет,6a58ab9c2ff2af7e910192b4fba33633091936cb
358,359,+1,+1,+2,+9,+6,5,53863,Факультет журналистики,cb72fa6a1685d1fafb99f9d63af543289e107a3e
359,360,+,+,+,+,+2,5,53880,Химический факультет,e40c4f6288ef8547cbf739f2c7ae4767a4cf48cb
360,361,+,+,+,+,+,5,54153,,c9ca5800888044ed045a4c1663aaa3e37067806e
361,362,+,+,+,+,+,5,55527,Исторический факультет,1e0a42e5f5dec254f559f46239a25b6ddc9aa72f
362,363,+,+,+1,+1,+,5,56308,Факультет биоинженерии и биоинформатики,807460726434fed5cb7cb6e946d079f0a818eedf
363,364,+,+2,+,+,+4,5,56386,Экономический факультет,2e3181a996d3303ca571bf2e00065509a25874e9
364,365,+,+,+,+1,+,5,56594,Философский факультет,3e9a8d7e4f26eaee60cb9f18204790a6cf69c91a
365,366,+,+,+,+1,+,5,56615,Высшая школа современных социальных наук,9a6a08868b37fe535e2f1e45c2525b486c7d6100
366,367,+,+,+,+,+,5,56740,Факультет вычислительной математики и кибернетики,3e3684cb50540136851609521bac2b3925746236
367,368,+,+,+,+,+,5,56882,Химический факультет,6bc64d2d74c38b233bcd82ea81ff8c7be2db6080
368,369,+,+,+1,+,+,5,56975,Биологический факультет,bb464caf863f1a8b6f56d057140e2b4391bb9e4f
369,370,+,+1,+,+1,+,5,57147,Физический факультет,a277c9eae394ae553e5ccad9d7e42a48d162c2a3
370,371,+,+,+,+,+1,5,57366,Механико-математический факультет,4d0bdd2b015f9144bbf8fc8cb93aaeb62457b781
371,372,+,+,+,+1,+,5,57499,Экономический факультет,7e65121cb4186937ac48fe97751d5532bcf57fcf
372,373,+,+,+1,+,+3,5,58061,Социологический факультет,71b590e33355c16dad0ff771baad877663b8c7e3
373,374,+,+,+,+,+,5,58426,Механико-математический факультет,4dafb63ed33f6f896d5988ba156ed9fc44c24188
374,375,+2,+1,+,+1,+,5,58533,Химический факультет,93531a37b78830a40c90346ff3a4778332a585ce
375,376,+,+1,+,+,+,5,58611,Физический факультет,ca61686dd60fb07a1cb76d3337b6a27c6ac8af0a
376,377,+1,+,+,+,+1,5,58622,Географический факультет,3e6f3d158be2d5ddeb4f6d78aa809feb1e103377
377,378,+,+,+,+,+,5,58859,Механико-математический факультет,48045590da8706976f533c93b7d5de9f545642de
378,379,+,+,+1,+,+,5,58983,Факультет вычислительной математики и кибернетики,65eab043b24b781f1c572c14a0ee9e75951441b5
379,380,+,+,+,+,+,5,60024,Механико-математический факультет,665556b98257e2052c84977dc46da002a9b1ca0c
380,381,+1,+,+1,+1,+3,5,60659,Исторический факультет,0720d2c3f79911c6cb44685230cdb81bcfbde182
381,382,+,+2,+1,+1,+,5,60924,Экономический факультет,cc28573e1b75f1a1440fa32f71d37c55c8935656
382,383,+,+,+1,+,+,5,61078,Геологический факультет,43349aa0b2fd401217235410cc19cf3a340e95b5
383,384,+,+1,+,+2,+1,5,61478,Экономический факультет,8c644c5ad0195d977091c811121bcdbeadbb2f29
384,385,+,+,+,+,+,5,62876,Экономический факультет,0540f3db23b429c7afdd59937930be790e535ba4
385,386,+,+,+,+,+,5,62920,Механико-математический факультет,d72bab9131c4401b50f2a5fbc5050c39f77f16ff
386,387,+,+,+,+,+1,5,63067,Факультет вычислительной математики и кибернетики,1105438998022797760d371713dfa842842c5aa8
387,388,+,+1,+1,+,+,5,63077,Географический факультет,f6805ac921533a01cf4cc9c66354dae63677fb74
388,389,+,+1,+,+1,+,5,63878,Факультет фундаментальной физико-химической инженерии,56ac024b5b9dc1a23a7285d1f4ec02afdfc61291
389,390,+,+,+,+,+2,5,63906,,d32fc4e5cb6bc5b8f3f6e614eeb9bbb7d8200b12
390,391,+,+,+1,+1,+,5,64295,Институт стран Азии и Африки,4f7c16ae843b5abdccbf54dbad8d6612c2d8abfb
391,392,+,+,+1,+,+,5,64392,Факультет фундаментальной медицины,a00505bb320e4de6c6c2d1298482e9daea7d3265
392,393,+,+,+1,+,+,5,64467,Экономический факультет,c0430c9ade8f53fe3574487c69b9b2827ffbe0f6
393,394,+,+,+,+1,+4,5,64713,Факультет почвоведения,f8ed169681663260e3552ba6b5c9660aac3fa036
394,395,+,+,+,+,+,5,65251,Институт стран Азии и Африки,24733dcca2ce8085bab743fc6dc04e4b6bc632de
395,396,+1,+,+1,+,+1,5,65387,Механико-математический факультет,e782e7cf1a77582abe6dee06fa0da7a6d87cecc6
396,397,+,+,+,+,+,5,65413,Факультет почвоведения,6d25072e4edc1a8a1a318c457c1667a2527dc9ea
397,398,+,+,+4,+2,+,5,65427,Экономический факультет,f8c561109528cf413a53fa9ecf5e96c9450d8f19
398,399,+,+,+,+1,+,5,65521,Механико-математический факультет,be860c37c2e437d82780bc57652641683e7c4ef8
399,400,+,+,+2,+1,+3,5,65799,,a5f9946eaa927b714f462c7f9915c44dc288c754
400,401,+3,+1,+,+,+,5,65921,Механико-математический факультет,89c981222dd7c3f8b8b2279c8acb89038cb4ba09
401,402,+,+,+,+,+,5,66233,Высшая школа бизнеса,2d4187776ca928681bf33020dbbd36e91a0c3de0
402,403,+,+,+,+,+,5,66363,Факультет вычислительной математики и кибернетики,2442267ab6ca9b2ce9a88f3ce4705d9472a38f60
403,404,+,+,+,+1,+,5,66377,Химический факультет,3200531c4bd20a670fb9ef2e1e6bddda1db6add2
404,405,+,+1,+1,+,+1,5,66510,Экономический факультет,a114e01dcc28640f5ac8cb35d5f957eee1277c1d
405,406,+,+,+1,+,+,5,66720,Экономический факультет,b292c13bb16ca0e564e6fa9041b7c9aa1c70477d
406,407,+,+,+,+,+,5,66786,Географический факультет,42c17d88d452a2c0a3157c389775281115ff9ea3
407,408,+1,+,+,+,+,5,67383,Физический факультет,4276e1170d41eed170633504c9a8fc50d58983dc
408,409,+1,+,+,+,+1,5,67666,Экономический факультет,f2c3ee9b85a38e65ca01e9dfa2dca45505e012f6
409,410,+,+,+,+2,+,5,69369,Химический факультет,84e7f3c60f06fdcc4509918b53b81925a9904e70
410,411,+1,+,+,+,+,5,69409,Механико-математический факультет,bf62ef8d587904a6540da8f87b371a4793f03c37
411,412,+,+,+1,+,+,5,69554,Экономический факультет,61dd7935dee05fa69eb0328102a8ecd9d1cb29f9
412,413,+,+,+,+1,+,5,69784,Механико-математический факультет,860775972086c081305120a4edf45c826a802d9f
413,414,+,+,+1,+4,+,5,69811,Геологический факультет,ec05f9473ce926bb73037dd09f04168e23b3c770
414,415,+,+1,+,+2,+,5,70869,,fe2009d1e422b839fa8643fdacd99e3472ebf760
415,416,+,+,+,+1,+,5,71201,Экономический факультет,4d78db7e7ce3ac5832b816ef3adb873f09117fc6
416,417,+,+1,+,+1,+1,5,71214,Факультет вычислительной математики и кибернетики,7f20da3c87b44e316bd93aafc96805afccf12abb
417,418,+,+,+,+,+,5,71230,Факультет вычислительной математики и кибернетики,5a9b2f83264eb660c8616cffa0a45697b633f41e
418,419,+,+,+,+,+,5,71254,,fbe44659d0112c84eb69f9b6e0176e6b6b817330
419,420,+,+,+,+,+,5,71287,Факультет вычислительной математики и кибернетики,b30fc416290c35b996f85e1cda11f861f2e376d7
420,421,+1,+,+,+,+4,5,71661,Филологический факультет,01ff71294dfede9141e99bac5b691f36c1ad89ff
421,422,+,+,+1,+1,+,5,71672,Биологический факультет,a1ebffb631be0e820f7cd5d64c9c13a615c10030
422,423,+,+,+,+,+1,5,71934,Факультет вычислительной математики и кибернетики,b96afc5aaf2b4447846962eec2d47f6c0ad085b5
423,424,+,+,+1,+2,+,5,72060,Экономический факультет,aa5d7c5620bb548a173db870c2e10e5b95aeff03
424,425,+,+,+,+,+,5,72432,Факультет вычислительной математики и кибернетики,153409d1c756fbc21bc4b4335a4958f4bfb04cde
425,426,+,+,+1,+1,+,5,72625,Экономический факультет,b2953ebfcd747397679bbd845d980204da86de79
426,427,+3,+2,+1,+,+,5,72632,Социологический факультет,a04382e90255620ca7920b5cb8470e93c8e5eb97
427,428,+,+,+1,+,+,5,72648,,7a66862df903c6c030d889ba7c9ebad2af734eb6
428,429,+,+,+,+1,+,5,72686,Географический факультет,fc31c518bf172875cf2819a8ece50195df68e502
429,430,+,+,+1,+,+,5,72770,Факультет почвоведения,6ee3dd32a8c9ece925f02d12e857f09d52a078df
430,431,+,+,+,+1,+,5,72905,Механико-математический факультет,4fc2f83d67cae3dbc0067c085ce5698d2020d99c
431,432,+,+,+,+2,+,5,73045,Физический факультет,fa1809ef52d56bc908b4570675de4c497c84b701
432,433,+,+,+,+,+1,5,73075,Химический факультет,32f6fdc73e68cf16d12bb655f5d3b3bbc27c0996
433,434,+,+,+,+,+1,5,73163,Факультет вычислительной математики и кибернетики,aaf7968c2d0a85644a144255ba32150eab1c045a
434,435,+,+,+,+,+,5,73228,Химический факультет,f499c83d9bce903a18d2e6f3de47f138b6596aec
435,436,+,+,+,+,+1,5,73447,Механико-математический факультет,8c5c1c1cab802a4e8ecf449573977fc853036f23
436,437,+,+,+,+,+,5,73579,Филологический факультет,c918b2c560f8d8ef34b93a5e6623bac10bbc0c15
437,438,+,+,+,+,+,5,73628,Физический факультет,af31a3d8238edeed49a0579a242da3dbd920f24b
438,439,+,+,+,+,+,5,74341,,2068f0579afa9735afa21325f2331ab08467bf5f
439,440,+,+,+,+,+,5,74395,Факультет вычислительной математики и кибернетики,6ff23a33b6667dd3815414f96838503b5ad5eb6f
440,441,+1,+1,+,+1,+,5,75226,Геологический факультет,457f0888cd46f04a5eb5991a8e15798b06f853a8
441,442,+1,+1,+,+1,+,5,76141,Факультет вычислительной математики и кибернетики,580bde495ca4633aebbc4fb358379cfa0622fefd
442,443,+,+,+1,+,+,5,76884,Геологический факультет,e478c7ccf2489c8f5c822ba912d0a99ff7438559
443,444,+1,+1,+,+1,+,5,77134,Факультет вычислительной математики и кибернетики,87e973664aaede8a4abd3740f6a2e1d796ca71f9
444,445,+,+2,+,+,+,5,77829,Социологический факультет,ae2a7cff386379f0a207ab510a15cb95c64c3c47
445,446,+,+,+1,+1,+3,5,77940,Физический факультет,04785ff18d77cd55424ee27c03a73d98da82f5c9
446,447,+,+,+1,+,+,5,78298,Экономический факультет,42c8bad2689c8234bb8937f93c85b2e431725cab
447,448,+,+,+,+,+,5,78782,Физический факультет,aa4850810ab97940a86b999afee18f89138b8ea2
448,449,+,+,+,+2,+,5,79756,Географический факультет,ce371d4b1a7957ac37a9ea1e06e80b8ce246ce9f
449,450,+,+,+1,+1,+,5,79831,Географический факультет,64f369ca3759120275f8177abc7694f34f0152c1
450,451,+,+,+,+,+,5,79951,Факультет вычислительной математики и кибернетики,fcb8ef70af2e40470604feaf3e3aa92f29925f84
451,452,+,+,+,+,+1,5,79973,Механико-математический факультет,d4feae4fc92450871d35ac4713156eba353c5666
452,453,+,+,+,+,+,5,80317,Механико-математический факультет,98bb59512c28d569a6166fe8844704096602c8ec
453,454,+,+,+,+,+,5,80509,Географический факультет,b7161f6904f3125b72d929f270317fc61674cd9d
454,455,+,+1,+1,+1,+,5,80837,Экономический факультет,2d792fd9455b4accb3aa728ae385f53f28b1c0e8
455,456,+,+,+,+,+,5,80938,Механико-математический факультет,bf820ce9948fb0d2a190aab2e2d51d5dc3b8d966
456,457,+,+1,+,+1,+,5,81157,Химический факультет,50ff882db424e63ff100fa01d77c877b40b3d5eb
457,458,+2,+,+,+1,+1,5,84383,Факультет журналистики,12291368f96711786cef96ff59dae2a8f352bc6a
458,459,+,+,+1,+1,+,5,85424,Экономический факультет,e6c4de813eea1263b649c7509e942512eb9bf8ec
459,460,+,+,+,+,+,5,85468,Биологический факультет,41fd363ff0eb265e8554c68b73a7d3752a27f1f7
460,461,+,+,+,+,+,5,85510,Факультет вычислительной математики и кибернетики,5a06e9312f1a7baf6a10216f9eceefbc9ddc7c73
461,462,+,+,+1,+1,+,5,85600,Факультет вычислительной математики и кибернетики,1ccb5f9a82398b0e71e72f6a973a120af89b1378
462,463,+,+,+,+1,+1,5,85629,Экономический факультет,5f22492ca08e9d8c2d86d2083b3271ea6b9ad44d
463,464,+,+,+,+,+2,5,85705,Факультет вычислительной математики и кибернетики,3d699972754e3e6b3acf44554e107a07af803882
464,465,+,+,+,+,+,5,85835,Экономический факультет,68e4ddb0aebce413ed5b685619f6e7ca67fe66a2
465,466,+,+,+,+,+,5,85836,,e7e23d936a2586da22ef2ccbe46b8fe91c90301c
466,467,+,+,+,+1,+,5,85888,Экономический факультет,6c75efdc914f83aa6d592b6c781de3d4bcf8e103
467,468,+1,+,+,+,+1,5,85939,Физический факультет,b111e54089e4fe17f9e332a875451588b4765c67
468,469,+,+,+1,+,+,5,86132,Социологический факультет,b679cbfa2744a21ce4fae6c1f304560ae3d24968
469,470,+,+,+,+1,+5,5,86274,Механико-математический факультет,e4bdd2e661d5cf5bdb2f3f2f68050c6e5e6e48e6
470,471,+,+,+,+,+,5,86581,Биотехнологический факультет,ddce5494276f5dee732c7b2b73d8f59e262cc4d0
471,472,+,+,+1,+2,+,5,86732,Юридический факультет,2fc8ff333c2427414aa6fe9706825200f5855acf
472,473,+,+,+,+1,+,5,86779,Экономический факультет,00bb60d070911c757f3c55884d37fc4af9fe69b6
473,474,+,+,+1,+,+,5,87097,Географический факультет,e130b3cb66acb38e0f04f0cf81c14c3c04df3e59
474,475,+,+,+,+,+,5,87117,Не из МГУ,5bd90290980ef119e6ae7f936df61101f4664395
475,476,+,+,+,+,+,5,87160,Геологический факультет,0cd97147ad6aed58d531984b13991b71cc455203
476,477,+,+,+1,+2,+1,5,87237,Экономический факультет,246ff2fae22dd0f9cd21e9a488b82ec58f35d5a3
477,478,+,+,+1,+,+,5,87441,Экономический факультет,502d6a8fe838ea03c99f5e2148afb60e1bed1239
478,479,+,+,+,+1,+5,5,87466,Факультет вычислительной математики и кибернетики,c6b1fb16bbf8eefe702f7592a6209b17dd15be66
479,480,+1,+2,+,+,+1,5,87722,Факультет вычислительной математики и кибернетики,4f209c0c676c3debcd91e26993301e52d53f71be
480,481,+,+,+,+,+,5,87840,Биологический факультет,4568a7c70945a01ceabed46957495c0860b1e530
481,482,+,+,+,+,+,5,87897,Не из МГУ,c54e7611fb791853ab822e44fd6dd8b99a163f77
482,483,+,+,+,+4,+1,5,87968,Факультет вычислительной математики и кибернетики,6ef9205504ff71213ec47c8bca23b0917745372e
483,484,+1,+,+,+,+3,5,88094,Факультет вычислительной математики и кибернетики,f2d22d6c6b5d82bf6f0c6f341d47d65dd6daa7c4
484,485,+,+,+,+,+,5,88190,Физический факультет,255b2a7d6afacbe25a5b71c9f65d5a53b4a7ed84
485,486,+,+1,+,+,+,5,89313,Биологический факультет,a8987a12beb057234125c368ad1e277c36b13d6e
486,487,+,+,+,+,+,5,89933,Факультет вычислительной математики и кибернетики,22c915218a7dce80ab54c38d97dcd645065c57e6
487,488,+,+1,+1,+1,+,5,91067,Экономический факультет,23717ca70cee7805ff947a85e62e0226f64736c4
488,489,+,+,+,+1,+,5,91160,Факультет вычислительной математики и кибернетики,dcf03d4c771834a8a6c67b1c70389b7dc04ac3e4
489,490,+,+,+,+1,+,5,91669,,cc699e58940a04cd0201a866e2215f186a16fbdf
490,491,+,+,+1,+,+1,5,91790,Физический факультет,bedb76d5594b74d5d948f54f5b75535e39e0d81a
491,492,+,+,+,+,+,5,92265,Экономический факультет,8a2c4cf354d12a0e86114cb77656d816c7512291
492,493,+,+,+1,+,+,5,92558,Факультет почвоведения,3896f70f55420c6b94fc7d34fe39661f40a8ef23
493,494,+,+,+,+,+,5,92879,Геологический факультет,b8e4d4e35895afb25845bbc2ba996754f9881d47
494,495,+,+,+,+2,+4,5,93036,Факультет космических исследований,28d21fe62ac5494bb481e23b7ae14010d03a5617
495,496,+1,+,+,+,+,5,93477,,f3de6f8c7dccd0ffb6a36f4d16669edb4dc10462
496,497,+1,+,+,+,+,5,93514,Экономический факультет,1c95c55982fedd73cc208dc1cb59688f7dfac9b2
497,498,+,+,+,+,+,5,94147,Биологический факультет,e3e4b1fe2828c605e78f7071f13d0df53d973fd0
498,499,+,+,+4,+,+1,5,94518,Биологический факультет,ed4b9705a423407e7930cf6f237a93f8d136aa00
499,500,+,+2,+,+2,+1,5,95065,,6bf6a50b6db09c03973cdc54ab91fbc9cf8efd97
500,501,+,+,+1,+3,+,5,95246,Экономический факультет,6697e31836b81eedcbecfd49f975c6c203df4a24
501,502,+1,+,+1,+,+6,5,95252,Биологический факультет,82d5129a3a941d04366dee12eb284b8a218130f3
502,503,+,+,+,+1,+,5,95369,Химический факультет,2669e602dcc2de06461bd443b0fb874d56269e8a
503,504,+,+,+,+,+,5,95875,,ddf8273962999bef4c1f7d8d229cbb4c4a22544f
504,505,+,+1,+,+1,+,5,96673,,ae74e66cb27f3b3754a9cc443098efdc5eaca8ac
505,506,+2,+,+,+1,+8,5,97730,Филологический факультет,aa83623d97a67d210809353050e14f505a43d2b8
506,507,+,+,+,+2,+,5,98496,Факультет глобальных процессов,470a9f9a86fa9f6ccade79b4d0a016384c7f3bce
507,508,+,+,+1,+,+2,5,99753,Геологический факультет,4e215f08e0b7b40c3a945468a1b546b99513fcf3
508,509,+,+,+,+,+,5,99888,Не из МГУ,7f8d31bc792e39a168aa5c024e85086f9086a239
509,510,+1,+,+,+1,+,5,100191,Биологический факультет,b38578560119db1c5d77f11ce5f4d10ed9a735f3
510,511,+,+,+,+,+,5,100645,Не из МГУ,1cd9ef7cc21c629aa33a6781a8bb160f670df205
511,512,+,+,+1,+6,+,5,100771,,3cce2f4d50f1ed9d84dda26ae52cf62ba7ddc0c0
512,513,+,+1,+,+2,+,5,101070,Экономический факультет,b7e573ba3cfb0c257ac1b92111625b316ab7ade1
513,514,+,+,+,+1,+,5,101140,Географический факультет,e191c77919073e76041214264ead272ae452fb2a
514,515,+,+,+1,+,+8,5,101406,Геологический факультет,1774161caeb9f763bef956f892fad8da3032ce80
515,516,+1,+,+,+2,+6,5,101723,Биологический факультет,3126e498c9ff65b3aa8efaa12c39ef5c272c507f
516,517,+,+,+,+,+,5,101821,Факультет вычислительной математики и кибернетики,7761641dd5715853632afe592b5a177789fe81fc
517,518,+,+,+,+1,+,5,102046,Механико-математический факультет,a3fb832e4306441e8ca28508df8f5ac60e2aa924
518,519,+,+,+,+1,+,5,102366,Факультет вычислительной математики и кибернетики,8d2acbe176cbd4f5eafc6d6e5a70f3cf3cf80298
519,520,+,+,+1,+,+,5,102962,Физический факультет,7fc922feb733aaacfb282ed6a867da072f0fb4ab
520,521,+,+,+1,+1,+,5,103747,Юридический факультет,9dd385aaa356b018322e8692796ef36650df8d2c
521,522,+,+,+4,+,+,5,104587,Экономический факультет,5369c1e8a8bb1a555be1379db07ca91150f2df28
522,523,+,+,+1,+,+,5,104735,Социологический факультет,292e8a9950c7d55172e6f72ced5cf30518143b59
523,524,+,+,+,+3,+1,5,105006,Экономический факультет,02a7b83a4baa844bbc716d785c064a933ec122f7
524,525,+,+,+,+,+,5,105135,Физический факультет,0ae49a1c1bca55dcaddef58cbdee22c1d5a85390
525,526,+,+,+4,+2,+,5,105924,Факультет глобальных процессов,96a84df5e070e8e10089d52886d3592783291a82
526,527,+,+,+,+6,+2,5,106778,Географический факультет,a3a016ff9e0fd54071d30e18671bdb9680ff28c8
527,528,+,+,+,+,+,5,106875,Факультет психологии,94ff116f07d6250d7c81803ec8554772fa935931
528,529,+,+,+1,+,+,5,107201,Экономический факультет,4d811c8300738eba5994074a2fd24ae868903f6f
529,530,+,+,+,+,+,5,107372,Географический факультет,15f11f6218812ffc26610ec3fabf95a0fd369f43
530,531,+,+,+,+2,+,5,107470,Экономический факультет,e145976740dffc1dedd81abf8cc010ca2129adc9
531,532,+,+,+1,+2,+,5,107624,Факультет вычислительной математики и кибернетики,91afe51ec54bfc6d41d15280ff1357e63223bcca
532,533,+,+,+1,+,+,5,107738,Экономический факультет,467e5d64cc0b5ac12a9baa8782711be91719bba5
533,534,+,+,+1,+2,+,5,107747,Юридический факультет,86a9258955906ce2e9a82f45d20577626ad92e87
534,535,+,+1,+1,+,+,5,107795,Экономический факультет,ba0cfe9b8c27524c5d317e267c6415de0422958c
535,536,+,+,+,+2,+,5,107833,Физический факультет,d28cd7dcf68a085f6b270b98b26b22a5ac0cc672
536,537,+1,+,+,+,+,5,107848,Механико-математический факультет,b97de6511b76bba4c000b76f48599154e3060fe6
537,538,+,+,+,+,+,5,107999,Экономический факультет,b1fbb22f27c3758f827c19831cbdeebd335e6f85
538,539,+,+,+,+2,+,5,108041,Экономический факультет,43cc29987cdac651d05bb8a713c491590c2476b2
539,540,+,+1,+,+,+,5,108048,Экономический факультет,3ebb1b09dc5163d8eb3fc538655a9264e1a1ce84
540,541,+,+1,+,+,+,5,108220,Факультет вычислительной математики и кибернетики,50c1767ee19e7cbaf50f2128fc00f4f087ef532a
541,542,+,+,+,+,+,5,108283,Химический факультет,e04fac2f15fa6a48bc5014f681c6e905bd2b13d7
542,543,+2,+,+1,+1,+,5,108291,Социологический факультет,6253c092f2881e79e4de262db120365c8c73d5ad
543,544,+,+,+1,+,+,5,108306,Факультет почвоведения,958f2c9cb3a5a59d73b2f5f1caafb8281f0aaa7b
544,545,+,+2,+3,+7,+1,5,108541,Экономический факультет,5709c8fd4c6fc7ed4b95e35d71330b3dac1c2fe9
545,546,+,+,+,+,+,5,108667,Экономический факультет,b72aa08d82cc88123cdcc2eb3526e3fe16b41534
546,547,+,+,+,+,+,5,108700,Экономический факультет,1d8bf3e465747351fa868c658f472d328e07fb59
547,548,+,+,+,+1,+4,5,109070,Механико-математический факультет,4c372a9703c128bad1bcce702a07764aef55a30a
548,549,+,+1,+,+1,+,5,109097,Экономический факультет,fe23a8681fd7793615b49b431dd9f58ad4f7d5e8
549,550,+,+,+,+,+,5,109126,Факультет биоинженерии и биоинформатики,62c12e886c4219598db01eecdfd7e8b28217f6c5
550,551,+,+,+1,+1,+1,5,109324,Факультет почвоведения,07e2476a1e374e6b3ec9224f74a35c03a91b5366
551,552,+,+,+,+,+,5,109508,Факультет почвоведения,368e93780be2d8e99e0c0287d52dcced01eab39d
552,553,+,+,+,+,+,5,109514,Физический факультет,7022df4ee263a4ec8579502d2126d20d8f9cf4f3
553,554,+,+,+1,+1,+,5,109633,Экономический факультет,bf3419ad35723e870bf6033234a2b59bcbe77539
554,555,+1,+,+1,+1,+,5,109661,Экономический факультет,43597e604db3b8429068a111a192e94565db02a6
555,556,+1,+,+,+,+,5,109676,Факультет биоинженерии и биоинформатики,be78789e0e753c8fbdfe3e14c738d57c884b32c7
556,557,+,+,+1,+1,+2,5,109807,Геологический факультет,2d65f58db91901d69d5e09a93c00f32d11a747d6
557,558,+,+,+,+1,+,5,109992,Химический факультет,6ed1bf8143e7efd4b251fe3b91869ffc45377094
558,559,+,+1,+1,+1,+,5,110096,Физический факультет,9977e15684b302446750f9b5547b0f6b193580c3
559,560,+1,+,+,+1,+,5,110180,Факультет вычислительной математики и кибернетики,5dde838f6e0beee9c10c28e70244f09eab38c359
560,561,+,+,+1,+,+3,5,110299,Химический факультет,236e1dc089fa560e66a1b0cc895549b658c7c40b
561,562,+,+,+1,+1,+1,5,110385,Социологический факультет,909b154e022fd79149d1b0af20c1838cc1177598
562,563,+,+,+,+,+,5,110770,Химический факультет,919def4a2d08a1ced27a01f8d3277afac7c35e06
563,564,+,+,+1,+2,+,5,111985,Химический факультет,c679b7455ee3595ac739356480587997eff363a8
564,565,+,+,+2,+,+,5,112162,Не из МГУ,c764ad1c316e859bcad294c89d32a6c8fd0195cc
565,566,+3,+,+,+1,+,5,113191,Факультет вычислительной математики и кибернетики,7d651e31ef0d823d542be9dd0b8b91faaf2af252
566,567,+,+,+,+,+6,5,113233,Химический факультет,d55abe74f6a60bbfcae72003034c8b3ed3438f84
567,568,+,+,+1,+1,+,5,113300,Химический факультет,8049daf35a2d1738aa656c68f7ea3ac9ae7c5225
568,569,+,+,+,+1,+,5,113330,Экономический факультет,b69f6176652966825b93c9b8b8387087ae0bdbc4
569,570,+,+,+,+,+,5,113473,Экономический факультет,972f89d46eced279953f638f77ae8b3e84338904
570,571,+,+,+1,+,+,5,113699,Факультет космических исследований,0567f38ec66cc830d10f7aa086832518520bbd21
571,572,+,+,+,+,+,5,113753,,7d6d8c046002f4d3a6decaa2d13f9b55c7caad76
572,573,+,+,+,+,+,5,113829,Факультет наук о материалах,ad4010416f5862a18bd427569b85bce4135e537e
573,574,+,+,+,+,+,5,113836,Не из МГУ,d3d2d3b1a0092f0acf73d0ed02f979785cb7832e
574,575,+,+,+,+,+,5,113850,Факультет почвоведения,8d42711c5f79bc6a1ca621628dd235688a67160c
575,576,+,+,+,+,+,5,113854,Экономический факультет,a9a80eb1e3c198597061f17e2ac02d6f1bef80b5
576,577,+,+,+1,+1,+,5,113862,Химический факультет,80ba9c9d148ab680849e9d9c4180b046eab2dcae
577,578,+,+,+1,+2,+5,5,113927,Экономический факультет,9f615e7fad99cd03c358bb5aec2210a162de7400
578,579,+,+1,+,+2,+,5,113998,Факультет журналистики,16b16d3511bfc650d0f09356815ac4f0dec0809a
579,580,+,+,+,+,+,5,114016,Факультет вычислительной математики и кибернетики,f554efd9fff91bf5a99f7a35758b9dccd64157d9
580,581,+,+,+1,+1,+,5,114029,Биологический факультет,fe159cd3d8e8824627fa3711f9ecf8a117a02b63
581,582,+,+,+,+4,+,5,114047,Факультет иностранных языков и регионоведения,b04df2963a63c7d44ac5b24cf44eaf7249d0665d
582,583,+,+,+,+,+,5,114076,Высшая школа культурной политики и управления в гуманитарной сфере,edbaff8a6b66a7db713171ad5ad1bdf11da193a2
583,584,+,+,+1,+1,+1,5,114260,,e035973602041deef042cc18e7f9fd0cf4ae165c
584,585,+,+,+,+,+,5,114293,,ab7788dd2a903dfabec01949e3011d873396e591
585,586,+,+,+,+,+,5,114370,,41c07892ad0457d5587d4798d2d82bf659c31f8e
586,587,+,+,+,+,+,5,114412,Факультет космических исследований,f32ade914680abe6dd212e55f0008e099e78353f
587,588,+,+,+,+,+,5,114421,Факультет наук о материалах,7ba70c1a642642d3e9909788f0a35afa082f0bc5
588,589,+1,+,+1,+,+,5,114425,Механико-математический факультет,8ccaee4da37680de707c16b0d354fa4fb685388c
589,590,+,+,+,+,+,5,114453,Факультет фундаментальной физико-химической инженерии,75000ed30fad8eb6cb26fc9f9b92644c210d9b5b
590,591,+,+,+,+,+,5,114485,Факультет вычислительной математики и кибернетики,cb0979655c99992d1a2c1bc42c76c0610687c6c1
591,592,+,+,+,+,+1,5,114535,Биологический факультет,e10c368e239dcd1e61c2d7bfd618c97aca241203
592,593,+,+,+1,+1,+,5,114567,Факультет вычислительной математики и кибернетики,3595be6066e17ea4268eefc59bf688dd8a1336e2
593,594,+,+,+1,+1,+,5,114604,Факультет вычислительной математики и кибернетики,f8d45c56a6edd6caa7c16329a0cd5902ef664639
594,595,+,+,+,+1,+,5,114605,Факультет вычислительной математики и кибернетики,9139eb08264e5fede82c6eea4a86931d069a50d2
595,596,+,+,+,+,+,5,114660,Биологический факультет,8ae02dd139ad7563cdb35a950c35576d3bd3301c
596,597,+,+1,+1,+3,+,5,114690,Факультет почвоведения,2ea1355bcd4a3d8950d007ec85c3af9dd47e256d
597,598,+,+,+,+1,+,5,114752,Химический факультет,a4bfbc0f991a0917182cff2636a71a0ef012b299
598,599,+3,+2,+,+,+,5,114755,,5df088d3496c760a26cf86143340b2c62605b7f4
599,600,+,+,+,+,+,5,114784,Факультет фундаментальной физико-химической инженерии,3c279ae2b5cf36e944a6bf24767ddc472684e80d
600,601,+,+,+1,+1,+,5,114928,Химический факультет,64497caa21fe53543d6b84a2a695cb05c63bea24
601,602,+,+,+,+,+,5,114948,Факультет вычислительной математики и кибернетики,1fcbeb161942ced7b1af1d01756c951f4d7f4374
602,603,+,+,+,+,+,5,115012,Факультет вычислительной математики и кибернетики,aec44f585f606872c0eb9296aea0cefbcfcb522d
603,604,+2,+1,+1,+5,+8,5,115056,Не из МГУ,d2f594de56b3fd94bd9b56b99ecc8631e2064670
604,605,+,+1,+,+,+1,5,115096,Факультет вычислительной математики и кибернетики,b98c7e84efec3f5073ea07df8d07c19479e4aa2a
605,606,+,+,+,+,+,5,115129,Факультет вычислительной математики и кибернетики,93aeb84567f8e66e9ef2fb6dd8a17d2e868f9d63
606,607,+,+,+1,+1,+,5,115216,Механико-математический факультет,6628f9ac6a4ca5a471e3990c4a15169a86c94c84
607,608,+,+,+,+,+,5,115245,Химический факультет,94bf531b20f5f7906ddf4635ec987f3dea9758de
608,609,+,+,+1,+,+,5,115346,,76813855e7efc60854bb8c27849c1d2573f8c49a
609,610,+,+2,+1,+1,+3,5,115370,Факультет вычислительной математики и кибернетики,81e4e84ca8bbd2985dcb1adfd7ba764cd7f7e430
610,611,+,+,+,+4,+,5,115384,Механико-математический факультет,2502d54a3a34006c3a48544c747390c12c74a261
611,612,+1,+1,+,+,+1,5,115413,Химический факультет,5af0e9a4e3010a74c6d5ef62efea80531a9591df
612,613,+,+,+1,+,+,5,115706,Не из МГУ,f32be8b2276d487b92d920b7e5b8ca63a0f304e5
613,614,+2,+,+,+1,+,5,115782,Физический факультет,3941fb17f0a4dbb0fd7247cde9fd3bdd64903167
614,615,+,+,+1,+,+1,5,115797,Не из МГУ,fad3c7d06c7102335f416b2960c32e7b2a7c06c9
615,616,+,+,+,+,+,5,115804,Не из МГУ,7681fc2a691d2d17046e73d5e260a625beef5b4c
616,617,+,+,+,+,+,5,115819,Философский факультет,7cd2471d601e564dfd74c8445afa214759a54029
617,618,+1,+,+,+2,+,5,115843,Факультет политологии,1a338e0a956ee1d93d1138a7fbbbe9156bcce718
618,619,+,+,+,+,+,5,115883,Биологический факультет,f943e23b005156698514515401c913611ce35db8
619,620,+,+,+,+,+,5,115913,Факультет вычислительной математики и кибернетики,badedd5f0a6e03801440fcf4ad3b31096d0fe4f4
620,621,+,+,+,+,+2,5,115953,Биологический факультет,9e776625c058bfdb04d1c8091a645cb416963474
621,622,+,+,+1,+1,+,5,116034,Экономический факультет,cb388f09bb20ab6511752eb3fc16be071820f04a
622,623,+,+,+,+,+,5,116036,Факультет вычислительной математики и кибернетики,3a217a6133d8ef906b69ba1fcf57b86a48c31c8b
623,624,+,+,+2,+1,+,5,116099,Факультет почвоведения,25ebef2deacc373f093f2ba9eaa790dbbc5d3509
624,625,+,+,+1,+1,+2,5,116124,Факультет психологии,a17b63f24fb83d16e929c2a28367d99a72b401de
625,626,+,+,+,+,+,5,116132,Факультет вычислительной математики и кибернетики,92d167bce0e3ad3735a862191ff8d007905f5297
626,627,+2,+,+1,+1,+1,5,116143,Социологический факультет,bbd7458f9c24054137d7a83e9168ed89bc0124bd
627,628,+,+,+,+,+,5,116183,Географический факультет,9d51beff68445f7605d8078ecf9671924b08244a
628,629,+,+,+1,+,+,5,116325,Физический факультет,7b95379684a839a9b7871be000ab36b78841be54
629,630,+,+,+1,+1,+,5,116332,Экономический факультет,c2b5dfc90d7bff0ad8d3934cc88dffe7afab4635
630,631,+3,+,+1,+1,+,5,116350,Факультет вычислительной математики и кибернетики,16957384856e2c93919f501e0534e8ed5bd94824
631,632,+,+,+1,+,+,5,116363,,86285f1f77eccc817f0a0a9f8d2de3af2cb54791
632,633,+,+,+,+,+,5,116374,Механико-математический факультет,c4bf48d0dcc72baf3dbdbf2af674748515c2fa93
633,634,+,+,+,+,+,5,116444,Физический факультет,e024c11f3a2b7eaabb46b87e0918325a34d2ea96
634,635,+,+,+,+,+1,5,116496,Московская школа экономики,cad816b2686dbbc5443c3c476e0eb95b9fbaef5e
635,636,+,+,+,+2,+,5,116500,Биологический факультет,37aec439ed1c4eae8882bb535c5833b63de27374
636,637,+,+,+,+,+,5,116506,Физический факультет,14285c6823b1eeab094b9b1394941b153fc13494
637,638,+1,+2,+1,+3,+,5,116623,Экономический факультет,0e56269c2f757b915cc03e61f15465a45d60cac8
638,639,+,+,+,+,+,5,116624,Факультет наук о материалах,9a008ae0b6f9f6a0598c257ec9d962c032cc148b
639,640,+,+,+,+,+,5,116763,Химический факультет,968d608d6ed9db8faa3369d69d84cfda022e62db
640,641,+,+,+,+1,+,5,116806,Механико-математический факультет,50744e786482eb4aa9d74318a50db0252f80494f
641,642,+,+,+,+1,+,5,116851,Биологический факультет,4f84628e197680070e5a8eecb3de6030ab7486e6
642,643,+,+,+,+,+,5,116891,Географический факультет,dde564b5938868b646dd9b277b94c6e77ea6c0d8
643,644,+1,+,+,+,+,5,116983,Экономический факультет,5adda1d926fca7bde3a4edb66f5ac90cc4d6e5a1
644,645,+,+,+,+,+3,5,117033,Экономический факультет,2f05685b2496bb0f4609bef30b7b0167553a1dd1
645,646,+,+,+1,+1,,4,130,Не из МГУ,293c6d72d6afa2a1c755fadacd2cc217c9a47e17
646,647,+,+,+,+,,4,278,Не из МГУ,bb85a8d65971d89f6d328c9fa2163f526b76ee0c
647,648,-5,+,+1,+,+,4,6995,Факультет биоинженерии и биоинформатики,122130099f29df19c6f31aef7236caef4d04c566
648,649,+,-3,+,+,+,4,11952,Биологический факультет,075b78876c2a2c2f4c5b96747de725923126c2c6
649,650,-5,+,+1,+1,+2,4,12111,Геологический факультет,04b9df5021191a16b15448512aef48884390fd27
650,651,+,+,+1,,+,4,16134,Исторический факультет,ff71ab1f1d59c6215c61337b166370eca8a1bad5
651,652,-5,+1,+,+1,+1,4,17925,Механико-математический факультет,d20db7db9d09b43e806b760bd6aed8ad8e5b13f2
652,653,+1,+1,+,,+,4,18474,Факультет вычислительной математики и кибернетики,e9c33bb4a18f22ced3ccc285f050ae43460424b1
653,654,+,+,+,+2,-4,4,18702,Географический факультет,51e0b28b70a74b9b92565c59daf1e823f7deb5be
654,655,+,+1,+,+1,-4,4,36921,Экономический факультет,f49a8f2692e450359bffe0b25cae644eb62362c1
655,656,+,-3,+,+,+3,4,38535,Факультет психологии,9545455d24648ab860a34086623e5f9f4b12cedb
656,657,+,-3,+,+,+1,4,38671,Факультет вычислительной математики и кибернетики,26ace62a4746ff0011b87a6a968ad79f8a848073
657,658,-5,+,+,+,+1,4,45540,Физический факультет,1222cf990605e5b4c709c2abec353847a487bbcb
658,659,+,+,+,+,,4,58255,Не из МГУ,f6ff1feb662834cda7bf31f56e7ceb8fa31db952
659,660,+,+,+,-1,+,4,64430,Механико-математический факультет,f109be3e90209185e9f9e47f24bb93ad98ba3bab
660,661,+2,-3,+1,+2,+,4,73076,Географический факультет,b33c5ec7fde341fdd04f15ca085745490214dffa
661,662,+,+,+,+,-1,4,83084,Экономический факультет,97f340177fc28a2a70c51558d058d0983ec51936
662,663,+,-3,+,+1,+,4,90759,,71f2fc2fd90b5a60af292a920cc46721cae1dd80
663,664,-5,+,+,+,+1,4,91793,Исторический факультет,8e8e88d64762c3665798f783d4858464ff77d106
664,665,+,+,+1,+,-3,4,92136,Экономический факультет,4db9a472008df33cbd864180470ed1f2f1dd3333
665,666,+,+,+,+1,-2,4,93137,Факультет мировой политики,dcfeae7aa2056018f3619a9d8b23770a6737a356
666,667,+1,-3,+,+2,+1,4,93420,Экономический факультет,e316955eb0895d353022ceb98fbdaab0116aa195
667,668,+,+2,+1,+1,,4,93558,Химический факультет,ec5398376ccbb4c0a7b375ff37c86b7a51d8a7aa
668,669,+,+,+1,+4,-2,4,93608,Факультет глобальных процессов,d637908d50befca843c6fd84f00a153687472ac2
669,670,+,+1,,,+,3,31,Химический факультет,b8306e955172894089c9edc833025097174f3b54
670,671,+,-3,+,+1,,3,942,Факультет журналистики,1e073e2f0861b815089904f9d49959e5f7f3e4fa
671,672,+3,+,+,,,3,8773,Экономический факультет,54021dc1f050971b8b0e8e2028adb6a2b67bd8c3
672,673,+1,+1,+1,-2,,3,27081,Высшая школа бизнеса,8a8cd9fc4f48d8ac00793ac5f9264cda0fb1339c
673,674,+,+1,+1,-5,,3,29730,Факультет глобальных процессов,be5d9fbf89fea426755b98175cf6973f755890b5
674,675,+1,-3,+,+,,3,61716,Механико-математический факультет,f3d5d01e2083203ccfaf45af1b3c8939baf421cf
675,676,+,+,+1,,,3,68006,Механико-математический факультет,e380a4dc391027375b7a17f09a78c3098fcf1336
676,677,+,+,,,,2,3,Факультет вычислительной математики и кибернетики,841692f59d77ee60b2b851163870d6aed032105a
677,678,+,+,,,,2,8110,Химический факультет,f546adaa623a5e74c03e677e31b2f1b9ef5bc4e0
678,679,+,+,,,,2,14145,Высшая школа бизнеса,f858aeddc659d3a6096a7dc81f14d0bc6402634e
679,680,+,+,,,,2,46586,,c07e44934503108a7f5f73fb31efa2fb57a352e2
680,681,+3,+,,,,2,46843,Факультет вычислительной математики и кибернетики,26cc96578c66f538f6cf9399ea1a3abdd21edc01
681,682,+3,-1,,,,1,61,Географический факультет,f078dfc673ce33b5bff9257333c2b2def22edb00
682,683,+,-1,,,,1,12946,Не из МГУ,43fe67577f6db6b2969a8f1769dbf37280e75456
683,684,+1,-3,,,,1,21370,,27b995a36560df51cfd048a24fa3d2bd069533ae
684,685,,,,,+,1,22946,Экономический факультет,3f4dbf64cba365e1e27dcb390256e26510c85006
685,686-778,,,,,,0,0,Географический факультет,6683a09186337288465b225ad408e5ae932804e4
686,686-778,,,,,,0,0,Исторический факультет,5340f02348dee0266e4e6551858a9f70af37f6b0
687,686-778,,,,,,0,0,Биологический факультет,93f875c2fd38c59c24ce66fbdef5c36ab4c60045
688,686-778,,,,,,0,0,Механико-математический факультет,ae9123d78ea5b603f6608c9e9b5f51ea3c8173af
689,686-778,,,,,,0,0,Физический факультет,2fd9e954550650bb1547fa2f0f3f06f34aa73989
690,686-778,,,,,,0,0,Факультет вычислительной математики и кибернетики,344a869a5e588de659b8ea02dd33e415a154abb1
691,686-778,,,,,,0,0,Высшая школа современных социальных наук,d7e2fa5b2d7d2f9f4924752abc360a621d9e69a0
692,686-778,,,,,,0,0,Механико-математический факультет,4c2c6c087777cdb6e295300f93ffd2b03eda0463
693,686-778,,,,,,0,0,Географический факультет,30f37b2db4245ec3b28291e2993645d470d2c086
694,686-778,,,,,,0,0,Не из МГУ,fa376923a25706c9cf4fe3f5e2641dce277e9449
695,686-778,,,,,,0,0,Физический факультет,38f3527b68465103bd5c272289df2045c68f298d
696,686-778,,,,,,0,0,Социологический факультет,4461407eeb3004ab8888a6648b9e137c69d18f0f
697,686-778,,,,,,0,0,Факультет вычислительной математики и кибернетики,fa958bd9415cd6a44d875338c4c262366a89eb66
698,686-778,,,,,,0,0,Факультет вычислительной математики и кибернетики,3f0465f53667da700a986b8d597ebb275e598a26
699,686-778,,,,,,0,0,Социологический факультет,8f33a42a1e3609f7e636fc73a9595f03e7e2a1a8
700,686-778,,,,,,0,0,Физический факультет,6ca5735fc9a53c65da45baedfc850fc313dfb1fb
701,686-778,,,,,,0,0,Механико-математический факультет,d1ebbbd7ddc26ab100029b8a235f5bfdda650611
702,686-778,,,,,,0,0,Факультет психологии,bd25f6518350c297d84fc876a1d247c182c12d50
703,686-778,,,,,,0,0,Не из МГУ,fe053c87cfe986ed313bc658bebf23a2c0b69d38
704,686-778,,,,,,0,0,Факультет вычислительной математики и кибернетики,d4d927762c9e1a0d01d198db658ad377f22bca37
705,686-778,,,,,,0,0,Факультет журналистики,a5bdf839b04ad14fe342341878a25a212795ad27
706,686-778,,,,,,0,0,Не из МГУ,47f69f7557d5b3f74300c4116576f80020107496
707,686-778,,,,,,0,0,Факультет вычислительной математики и кибернетики,472dc259074a3150750599d57f5026079638001e
708,686-778,,,,,,0,0,Факультет вычислительной математики и кибернетики,4c52f11f6dda6e95597980525130e7b266e19462
709,686-778,,,,,,0,0,Институт стран Азии и Африки,747f22911e269d854b657ba1e8fcbeb8c646d775
710,686-778,,,,,,0,0,Факультет мировой политики,e68950dceac29009648e101b5b0eaeabb7482ced
711,686-778,,,,,,0,0,Филологический факультет,c6caef9cf842d0b873dd8d7bec8bc3245385a701
712,686-778,,,,,,0,0,Социологический факультет,1f06f73cde5e7f14279520a5fb677b45301864e9
713,686-778,,,,,,0,0,Физический факультет,9dd00cfba45f1062635bcdcb26478899ed8f71a1
714,686-778,,,,,,0,0,,4aae3c94e34c44d3c7d17554d9f714d002196c91
715,686-778,,,,,,0,0,Факультет вычислительной математики и кибернетики,b70779bf8830315236f3197f19ea5b14348dc44c
716,686-778,-5,,,,,0,0,Факультет вычислительной математики и кибернетики,8008bd97f9479281e165a3ce5df1a2f0743e21d6
717,686-778,,,,,,0,0,Факультет психологии,c8fe01f42346c1baeeb6bd8e668823403d50e7f0
718,686-778,,,,,,0,0,Факультет почвоведения,5154e92f0ba42d0e73e8c6c6f08180314250aeac
719,686-778,,,,,,0,0,Исторический факультет,4858fecc8a6e9cbf532034508163a27c403359ee
720,686-778,,,,,,0,0,Не из МГУ,b3cf9d1125db6ec0ae93a4014259407bd67f1be8
721,686-778,,,,,,0,0,Не из МГУ,e2d5d2ae2b02f05feccd22df0973bfdb26465a68
722,686-778,,,,,,0,0,Факультет наук о материалах,e51076ce56cf695937417b19189bd0e9e0ec78a2
723,686-778,,,,,,0,0,Химический факультет,26a5aa911285744248920c8d62bf1388585c32e8
724,686-778,,,,,,0,0,Физический факультет,9b568808c2501699af8766064ee2c4b4e20e22a5
725,686-778,,,,,,0,0,Факультет биоинженерии и биоинформатики,9d1ac9347ad9d5bfb6951faf2da05e025e24f568
726,686-778,,,,,,0,0,Не из МГУ,895ac40f2f6b5a12aa0d0a9e1f5b12eb99ec496d
727,686-778,,,,,,0,0,Московская школа экономики,be49f5d745bb380ff59359bb6155563998ba64f9
728,686-778,,,,,,0,0,Экономический факультет,ed698085f58b98b73dc0d5672884db31ecc56e27
729,686-778,,,,,,0,0,Не из МГУ,ddc7fdfa8057bcd4eae0a9f9b6a7eb76d05dbe5a
730,686-778,,,,,,0,0,Факультет биоинженерии и биоинформатики,213ac859db310e6f67c04f3554e5ca1778a8f853
731,686-778,-3,-1,,,,0,0,Факультет вычислительной математики и кибернетики,10a7a1e4cf471e40641a5f5e3f492429667c789c
732,686-778,,,,,,0,0,Механико-математический факультет,0455f85ef572f067821e16337e7605ff12aaac0d
733,686-778,,,,,,0,0,,d9cc58d151c53c83ff950b6bc77f3723643f3eb7
734,686-778,,,,,,0,0,,e584720ce7b075fad3c5b94da87d16838e515a4e
735,686-778,,,,,,0,0,Химический факультет,fa9cc383fe147717b0c290f4d6991e232c45e27b
736,686-778,,,,,,0,0,Химический факультет,b434380edd77dd6cfcc61ae679da1e2069b1c649
737,686-778,,,,,,0,0,Химический факультет,7cac62cb2639605a3edca0ae1c7518482883afe0
738,686-778,,,,,,0,0,Факультет вычислительной математики и кибернетики,abb35d085c5bba355db6622977e24054b9f0d196
739,686-778,,,,,,0,0,Не из МГУ,f1425c08b3a7808d1783b10b0f955648041146b0
740,686-778,,,,,,0,0,Физический факультет,d893441e9bfed2aa564effdf324baea9c70e7e90
741,686-778,,,,,,0,0,Факультет вычислительной математики и кибернетики,b80b6f71c864c6a76edf316c72cdd67e5168c7e4
742,686-778,,,,,,0,0,Не из МГУ,5ec66c7cda9462502563cb1b7ac11760f08ac603
743,686-778,,,,,,0,0,Не из МГУ,07dbe34b2e5c330a2d27d78013cef324fd1125c9
744,686-778,,,,,,0,0,Факультет вычислительной математики и кибернетики,232d27c6f5f15fcfcfef5d81336bd463d9124578
745,686-778,,,,,,0,0,,90f9d4615dffec5ae7f8d290baee14135ecfb452
746,686-778,,,,,,0,0,Физический факультет,bfdadb866067f6cad791fafcd3149ddd2e8eb30b
747,686-778,,,,,,0,0,,39d723e32e0133bc30ff3c1f845e6b50979f35dc
748,686-778,,,,,,0,0,Исторический факультет,560dab0516320268749fa33be63a833955a47ec8
749,686-778,,,,,,0,0,Исторический факультет,7e6a1d0eff40998e0cebdac1e56115d955d69b09
750,686-778,,,,,,0,0,Философский факультет,89279ad84c9d787d5b9f1cdaca84e7b922de128b
751,686-778,,,,,,0,0,Экономический факультет,2edddf3fe4fb19a57a5dc9ed7915b00e94a3c52b
752,686-778,,,,,,0,0,Биотехнологический факультет,0b884d1d6063678540d622aaa5a0c235670f3276
753,686-778,,,,,,0,0,Не из МГУ,2c9e99fdbaaf433da1220c7320e75c7307dbfe2f
754,686-778,,,,,,0,0,Социологический факультет,45895ec9cd70533f96c8e7bbb6f7fcc25439902c
755,686-778,,,,,,0,0,Экономический факультет,3b3249f616248394a2bbdf19590d7779fc3e3fc2
756,686-778,,,,,,0,0,Факультет вычислительной математики и кибернетики,80cdbf6d680d71e2ae28f0b354bdfcc70c04c800
757,686-778,,,,,,0,0,Факультет вычислительной математики и кибернетики,eadaa55bfcafd4ba53d1866870d998af64ed3786
758,686-778,,,,,,0,0,Механико-математический факультет,a08fb74edf18933438f92e926ef5fafec48b47a3
759,686-778,,,,,,0,0,Механико-математический факультет,ee5768d00f63666dc80c69c808371b02c944ca4f
760,686-778,,,,,,0,0,Не из МГУ,40ac63b210677de6d6d3f06202d33c1460d7ab62
761,686-778,,,,,,0,0,Не из МГУ,5e1dd516474b3945fbac2470e81e2efc35de98d4
762,686-778,,,,,,0,0,Экономический факультет,976fcbedccdcf720d6dbeada94956a0d673fd9b6
763,686-778,,,,,,0,0,Факультет вычислительной математики и кибернетики,a734b65fff54102c68ab528608fef0341ee6c544
764,686-778,,,,,,0,0,Факультет вычислительной математики и кибернетики,ea153044b523c41022dc6ff8d65b8f980cccc957
765,686-778,,,,,,0,0,Биотехнологический факультет,4e3cc75ea8837ca94f81eaa6d4883943f30625ce
766,686-778,,,,,,0,0,,08fb3420407b5f048074f723b2ce60cb35a4b216
767,686-778,,,,,,0,0,Физический факультет,34f8d90760017188dfbfe5b8b72c883d0c3ca78f
768,686-778,,,,,,0,0,,2d048f0f42bd560917370eb74772484262e1e877
769,686-778,,,,,,0,0,Механико-математический факультет,a12f9b25671f182fec839039844e04892cb90734
770,686-778,,,,,,0,0,Факультет вычислительной математики и кибернетики,24b037b1cd62a1db348f6fdb7146a9641da1a2ca
771,686-778,,,,,,0,0,Биологический факультет,a8837570f7b6ddbccbbeaee119f7ed991e809c51
772,686-778,,,,,,0,0,Механико-математический факультет,7411d46ec8ad03f6309dadb77eff05788cd19e6f
773,686-778,,,,,,0,0,Экономический факультет,bdd55f36aad78672024f4e59090ce4d202745faa
774,686-778,,,,,,0,0,Физический факультет,0aae322cf9d88436816f30d6f4714f23967ad442
775,686-778,,,,,,0,0,Факультет вычислительной математики и кибернетики,37a4fc4c4aeecdce528d4af480504b3c45f06183
776,686-778,,,,,,0,0,Экономический факультет,e401a55b1c215efa29bfd019d006ba2aa56eae62
777,686-778,,,,,,0,0,Механико-математический факультет,cc51b85ae5bf898223fe9813c8402f3d272feb6d
